CNPJ_CIA;DT_REFER;VERSAO;DENOM_CIA;CD_CVM;GRUPO_DFP;MOEDA;ESCALA_MOEDA;ORDEM_EXERC;DT_INI_EXERC;DT_FIM_EXERC;CD_CONTA;DS_CONTA;VL_CONTA;ST_CONTA_FIXA
00.070.698/0001-11;2021-03-31;1;CIA ENERGETICA DE BRASILIA;014451;DF Individual - Demonstração do Fluxo de Caixa (Método Direto);REAL;MIL;PENÚLTIMO;2020-01-01;2020-03-31;6.01;Caixa Líquido Atividades Operacionais;2834.0000000000;S
00.070.698/0001-11;2021-03-31;1;CIA ENERGETICA DE BRASILIA;014451;DF Individual - Demonstração do Fluxo de Caixa (Método Direto);REAL;MIL;ÚLTIMO;2021-01-01;2021-03-31;6.01;Caixa Líquido Atividades Operacionais;-22306.0000000000;S
00.070.698/0001-11;2021-03-31;1;CIA ENERGETICA DE BRASILIA;014451;DF Individual - Demonstração do Fluxo de Caixa (Método Direto);REAL;MIL;PENÚLTIMO;2020-01-01;2020-03-31;6.02;Caixa Líquido Atividades de Investimento;-8.0000000000;S
00.070.698/0001-11;2021-03-31;1;CIA ENERGETICA DE BRASILIA;014451;DF Individual - Demonstração do Fluxo de Caixa (Método Direto);REAL;MIL;ÚLTIMO;2021-01-01;2021-03-31;6.02;Caixa Líquido Atividades de Investimento;2512854.0000000000;S
00.070.698/0001-11;2021-03-31;1;CIA ENERGETICA DE BRASILIA;014451;DF Individual - Demonstração do Fluxo de Caixa (Método Direto);REAL;MIL;PENÚLTIMO;2020-01-01;2020-03-31;6.03;Caixa Líquido Atividades de Financiamento;2348.0000000000;S
00.070.698/0001-11;2021-03-31;1;CIA ENERGETICA DE BRASILIA;014451;DF Individual - Demonstração do Fluxo de Caixa (Método Direto);REAL;MIL;ÚLTIMO;2021-01-01;2021-03-31;6.03;Caixa Líquido Atividades de Financiamento;-94528.0000000000;S
00.070.698/0001-11;2021-03-31;1;CIA ENERGETICA DE BRASILIA;014451;DF Individual - Demonstração do Fluxo de Caixa (Método Direto);REAL;MIL;PENÚLTIMO;2020-01-01;2020-03-31;6.04;Variação Cambial s/ Caixa e Equivalentes;0.0000000000;S
00.070.698/0001-11;2021-03-31;1;CIA ENERGETICA DE BRASILIA;014451;DF Individual - Demonstração do Fluxo de Caixa (Método Direto);REAL;MIL;ÚLTIMO;2021-01-01;2021-03-31;6.04;Variação Cambial s/ Caixa e Equivalentes;0.0000000000;S
00.070.698/0001-11;2021-03-31;1;CIA ENERGETICA DE BRASILIA;014451;DF Individual - Demonstração do Fluxo de Caixa (Método Direto);REAL;MIL;PENÚLTIMO;2020-01-01;2020-03-31;6.05;Aumento (Redução) de Caixa e Equivalentes;5174.0000000000;S
00.070.698/0001-11;2021-03-31;1;CIA ENERGETICA DE BRASILIA;014451;DF Individual - Demonstração do Fluxo de Caixa (Método Direto);REAL;MIL;ÚLTIMO;2021-01-01;2021-03-31;6.05;Aumento (Redução) de Caixa e Equivalentes;2396020.0000000000;S
00.070.698/0001-11;2021-03-31;1;CIA ENERGETICA DE BRASILIA;014451;DF Individual - Demonstração do Fluxo de Caixa (Método Direto);REAL;MIL;PENÚLTIMO;2020-01-01;2020-03-31;6.05.01;Saldo Inicial de Caixa e Equivalentes;12713.0000000000;S
00.070.698/0001-11;2021-03-31;1;CIA ENERGETICA DE BRASILIA;014451;DF Individual - Demonstração do Fluxo de Caixa (Método Direto);REAL;MIL;ÚLTIMO;2021-01-01;2021-03-31;6.05.01;Saldo Inicial de Caixa e Equivalentes;14412.0000000000;S
00.070.698/0001-11;2021-03-31;1;CIA ENERGETICA DE BRASILIA;014451;DF Individual - Demonstração do Fluxo de Caixa (Método Direto);REAL;MIL;PENÚLTIMO;2020-01-01;2020-03-31;6.05.02;Saldo Final de Caixa e Equivalentes;17887.0000000000;S
00.070.698/0001-11;2021-03-31;1;CIA ENERGETICA DE BRASILIA;014451;DF Individual - Demonstração do Fluxo de Caixa (Método Direto);REAL;MIL;ÚLTIMO;2021-01-01;2021-03-31;6.05.02;Saldo Final de Caixa e Equivalentes;2410432.0000000000;S
00.545.378/0001-70;2021-03-31;1;SERRA AZUL WATER PARK SA;014966;DF Individual - Demonstração do Fluxo de Caixa (Método Direto);REAL;MIL;PENÚLTIMO;2020-01-01;2020-03-31;6.01;Caixa Líquido Atividades Operacionais;1465.0000000000;S
00.545.378/0001-70;2021-03-31;1;SERRA AZUL WATER PARK SA;014966;DF Individual - Demonstração do Fluxo de Caixa (Método Direto);REAL;MIL;ÚLTIMO;2021-01-01;2021-03-31;6.01;Caixa Líquido Atividades Operacionais;1952.0000000000;S
00.545.378/0001-70;2021-03-31;1;SERRA AZUL WATER PARK SA;014966;DF Individual - Demonstração do Fluxo de Caixa (Método Direto);REAL;MIL;PENÚLTIMO;2020-01-01;2020-03-31;6.02;Caixa Líquido Atividades de Investimento;-479.0000000000;S
00.545.378/0001-70;2021-03-31;1;SERRA AZUL WATER PARK SA;014966;DF Individual - Demonstração do Fluxo de Caixa (Método Direto);REAL;MIL;ÚLTIMO;2021-01-01;2021-03-31;6.02;Caixa Líquido Atividades de Investimento;-156.0000000000;S
00.545.378/0001-70;2021-03-31;1;SERRA AZUL WATER PARK SA;014966;DF Individual - Demonstração do Fluxo de Caixa (Método Direto);REAL;MIL;PENÚLTIMO;2020-01-01;2020-03-31;6.03;Caixa Líquido Atividades de Financiamento;-130.0000000000;S
00.545.378/0001-70;2021-03-31;1;SERRA AZUL WATER PARK SA;014966;DF Individual - Demonstração do Fluxo de Caixa (Método Direto);REAL;MIL;ÚLTIMO;2021-01-01;2021-03-31;6.03;Caixa Líquido Atividades de Financiamento;-150.0000000000;S
00.545.378/0001-70;2021-03-31;1;SERRA AZUL WATER PARK SA;014966;DF Individual - Demonstração do Fluxo de Caixa (Método Direto);REAL;MIL;PENÚLTIMO;2020-01-01;2020-03-31;6.04;Variação Cambial s/ Caixa e Equivalentes;0.0000000000;S
00.545.378/0001-70;2021-03-31;1;SERRA AZUL WATER PARK SA;014966;DF Individual - Demonstração do Fluxo de Caixa (Método Direto);REAL;MIL;ÚLTIMO;2021-01-01;2021-03-31;6.04;Variação Cambial s/ Caixa e Equivalentes;0.0000000000;S
00.545.378/0001-70;2021-03-31;1;SERRA AZUL WATER PARK SA;014966;DF Individual - Demonstração do Fluxo de Caixa (Método Direto);REAL;MIL;PENÚLTIMO;2020-01-01;2020-03-31;6.05;Aumento (Redução) de Caixa e Equivalentes;856.0000000000;S
00.545.378/0001-70;2021-03-31;1;SERRA AZUL WATER PARK SA;014966;DF Individual - Demonstração do Fluxo de Caixa (Método Direto);REAL;MIL;ÚLTIMO;2021-01-01;2021-03-31;6.05;Aumento (Redução) de Caixa e Equivalentes;1646.0000000000;S
00.545.378/0001-70;2021-03-31;1;SERRA AZUL WATER PARK SA;014966;DF Individual - Demonstração do Fluxo de Caixa (Método Direto);REAL;MIL;PENÚLTIMO;2020-01-01;2020-03-31;6.05.01;Saldo Inicial de Caixa e Equivalentes;8511.0000000000;S
00.545.378/0001-70;2021-03-31;1;SERRA AZUL WATER PARK SA;014966;DF Individual - Demonstração do Fluxo de Caixa (Método Direto);REAL;MIL;ÚLTIMO;2021-01-01;2021-03-31;6.05.01;Saldo Inicial de Caixa e Equivalentes;8309.0000000000;S
00.545.378/0001-70;2021-03-31;1;SERRA AZUL WATER PARK SA;014966;DF Individual - Demonstração do Fluxo de Caixa (Método Direto);REAL;MIL;PENÚLTIMO;2020-01-01;2020-03-31;6.05.02;Saldo Final de Caixa e Equivalentes;9367.0000000000;S
00.545.378/0001-70;2021-03-31;1;SERRA AZUL WATER PARK SA;014966;DF Individual - Demonstração do Fluxo de Caixa (Método Direto);REAL;MIL;ÚLTIMO;2021-01-01;2021-03-31;6.05.02;Saldo Final de Caixa e Equivalentes;9955.0000000000;S
01.319.044/0001-41;2021-03-31;1;WTC AMAZONAS SUITE HOTEL S.A.;015741;DF Individual - Demonstração do Fluxo de Caixa (Método Direto);REAL;MIL;PENÚLTIMO;2020-01-01;2020-03-31;6.01;Caixa Líquido Atividades Operacionais;-10.0000000000;S
01.319.044/0001-41;2021-03-31;1;WTC AMAZONAS SUITE HOTEL S.A.;015741;DF Individual - Demonstração do Fluxo de Caixa (Método Direto);REAL;MIL;ÚLTIMO;2021-01-01;2021-03-31;6.01;Caixa Líquido Atividades Operacionais;-9.0000000000;S
01.319.044/0001-41;2021-03-31;1;WTC AMAZONAS SUITE HOTEL S.A.;015741;DF Individual - Demonstração do Fluxo de Caixa (Método Direto);REAL;MIL;PENÚLTIMO;2020-01-01;2020-03-31;6.01.01;Valores pagos a fornecedores e a empregados;-5.0000000000;N
01.319.044/0001-41;2021-03-31;1;WTC AMAZONAS SUITE HOTEL S.A.;015741;DF Individual - Demonstração do Fluxo de Caixa (Método Direto);REAL;MIL;ÚLTIMO;2021-01-01;2021-03-31;6.01.01;Valores pagos a fornecedores e a empregados;-4.0000000000;N
01.319.044/0001-41;2021-03-31;1;WTC AMAZONAS SUITE HOTEL S.A.;015741;DF Individual - Demonstração do Fluxo de Caixa (Método Direto);REAL;MIL;PENÚLTIMO;2020-01-01;2020-03-31;6.01.02;Tributos pagos;-5.0000000000;N
01.319.044/0001-41;2021-03-31;1;WTC AMAZONAS SUITE HOTEL S.A.;015741;DF Individual - Demonstração do Fluxo de Caixa (Método Direto);REAL;MIL;ÚLTIMO;2021-01-01;2021-03-31;6.01.02;Tributos pagos;-5.0000000000;N
01.319.044/0001-41;2021-03-31;1;WTC AMAZONAS SUITE HOTEL S.A.;015741;DF Individual - Demonstração do Fluxo de Caixa (Método Direto);REAL;MIL;PENÚLTIMO;2020-01-01;2020-03-31;6.01.03;Outros rendimentos e pagamentos líquidos;0.0000000000;N
01.319.044/0001-41;2021-03-31;1;WTC AMAZONAS SUITE HOTEL S.A.;015741;DF Individual - Demonstração do Fluxo de Caixa (Método Direto);REAL;MIL;ÚLTIMO;2021-01-01;2021-03-31;6.01.03;Outros rendimentos e pagamentos líquidos;0.0000000000;N
01.319.044/0001-41;2021-03-31;1;WTC AMAZONAS SUITE HOTEL S.A.;015741;DF Individual - Demonstração do Fluxo de Caixa (Método Direto);REAL;MIL;PENÚLTIMO;2020-01-01;2020-03-31;6.02;Caixa Líquido Atividades de Investimento;0.0000000000;S
01.319.044/0001-41;2021-03-31;1;WTC AMAZONAS SUITE HOTEL S.A.;015741;DF Individual - Demonstração do Fluxo de Caixa (Método Direto);REAL;MIL;ÚLTIMO;2021-01-01;2021-03-31;6.02;Caixa Líquido Atividades de Investimento;0.0000000000;S
01.319.044/0001-41;2021-03-31;1;WTC AMAZONAS SUITE HOTEL S.A.;015741;DF Individual - Demonstração do Fluxo de Caixa (Método Direto);REAL;MIL;PENÚLTIMO;2020-01-01;2020-03-31;6.03;Caixa Líquido Atividades de Financiamento;10.0000000000;S
01.319.044/0001-41;2021-03-31;1;WTC AMAZONAS SUITE HOTEL S.A.;015741;DF Individual - Demonstração do Fluxo de Caixa (Método Direto);REAL;MIL;ÚLTIMO;2021-01-01;2021-03-31;6.03;Caixa Líquido Atividades de Financiamento;9.0000000000;S
01.319.044/0001-41;2021-03-31;1;WTC AMAZONAS SUITE HOTEL S.A.;015741;DF Individual - Demonstração do Fluxo de Caixa (Método Direto);REAL;MIL;PENÚLTIMO;2020-01-01;2020-03-31;6.03.01;Empréstimos tomados;10.0000000000;N
01.319.044/0001-41;2021-03-31;1;WTC AMAZONAS SUITE HOTEL S.A.;015741;DF Individual - Demonstração do Fluxo de Caixa (Método Direto);REAL;MIL;ÚLTIMO;2021-01-01;2021-03-31;6.03.01;Empréstimos tomados;9.0000000000;N
01.319.044/0001-41;2021-03-31;1;WTC AMAZONAS SUITE HOTEL S.A.;015741;DF Individual - Demonstração do Fluxo de Caixa (Método Direto);REAL;MIL;PENÚLTIMO;2020-01-01;2020-03-31;6.04;Variação Cambial s/ Caixa e Equivalentes;0.0000000000;S
01.319.044/0001-41;2021-03-31;1;WTC AMAZONAS SUITE HOTEL S.A.;015741;DF Individual - Demonstração do Fluxo de Caixa (Método Direto);REAL;MIL;ÚLTIMO;2021-01-01;2021-03-31;6.04;Variação Cambial s/ Caixa e Equivalentes;0.0000000000;S
01.319.044/0001-41;2021-03-31;1;WTC AMAZONAS SUITE HOTEL S.A.;015741;DF Individual - Demonstração do Fluxo de Caixa (Método Direto);REAL;MIL;PENÚLTIMO;2020-01-01;2020-03-31;6.05;Aumento (Redução) de Caixa e Equivalentes;0.0000000000;S
01.319.044/0001-41;2021-03-31;1;WTC AMAZONAS SUITE HOTEL S.A.;015741;DF Individual - Demonstração do Fluxo de Caixa (Método Direto);REAL;MIL;ÚLTIMO;2021-01-01;2021-03-31;6.05;Aumento (Redução) de Caixa e Equivalentes;0.0000000000;S
01.319.044/0001-41;2021-03-31;1;WTC AMAZONAS SUITE HOTEL S.A.;015741;DF Individual - Demonstração do Fluxo de Caixa (Método Direto);REAL;MIL;PENÚLTIMO;2020-01-01;2020-03-31;6.05.01;Saldo Inicial de Caixa e Equivalentes;0.0000000000;S
01.319.044/0001-41;2021-03-31;1;WTC AMAZONAS SUITE HOTEL S.A.;015741;DF Individual - Demonstração do Fluxo de Caixa (Método Direto);REAL;MIL;ÚLTIMO;2021-01-01;2021-03-31;6.05.01;Saldo Inicial de Caixa e Equivalentes;0.0000000000;S
01.319.044/0001-41;2021-03-31;1;WTC AMAZONAS SUITE HOTEL S.A.;015741;DF Individual - Demonstração do Fluxo de Caixa (Método Direto);REAL;MIL;PENÚLTIMO;2020-01-01;2020-03-31;6.05.02;Saldo Final de Caixa e Equivalentes;0.0000000000;S
01.319.044/0001-41;2021-03-31;1;WTC AMAZONAS SUITE HOTEL S.A.;015741;DF Individual - Demonstração do Fluxo de Caixa (Método Direto);REAL;MIL;ÚLTIMO;2021-01-01;2021-03-31;6.05.02;Saldo Final de Caixa e Equivalentes;0.0000000000;S
01.989.044/0001-59;2021-03-31;1;WTC RIO EMPREEND. E PARTICIPAÇÕES S.A.;016551;DF Individual - Demonstração do Fluxo de Caixa (Método Direto);REAL;MIL;PENÚLTIMO;2020-01-01;2020-03-31;6.01;Caixa Líquido Atividades Operacionais;-11.0000000000;S
01.989.044/0001-59;2021-03-31;1;WTC RIO EMPREEND. E PARTICIPAÇÕES S.A.;016551;DF Individual - Demonstração do Fluxo de Caixa (Método Direto);REAL;MIL;ÚLTIMO;2021-01-01;2021-03-31;6.01;Caixa Líquido Atividades Operacionais;-10.0000000000;S
01.989.044/0001-59;2021-03-31;1;WTC RIO EMPREEND. E PARTICIPAÇÕES S.A.;016551;DF Individual - Demonstração do Fluxo de Caixa (Método Direto);REAL;MIL;PENÚLTIMO;2020-01-01;2020-03-31;6.01.01;Valores pagos a fornecedores e a empregados;-6.0000000000;N
01.989.044/0001-59;2021-03-31;1;WTC RIO EMPREEND. E PARTICIPAÇÕES S.A.;016551;DF Individual - Demonstração do Fluxo de Caixa (Método Direto);REAL;MIL;ÚLTIMO;2021-01-01;2021-03-31;6.01.01;Valores pagos a fornecedores e a empregados;-4.0000000000;N
01.989.044/0001-59;2021-03-31;1;WTC RIO EMPREEND. E PARTICIPAÇÕES S.A.;016551;DF Individual - Demonstração do Fluxo de Caixa (Método Direto);REAL;MIL;PENÚLTIMO;2020-01-01;2020-03-31;6.01.02;Tributos pagos;-5.0000000000;N
01.989.044/0001-59;2021-03-31;1;WTC RIO EMPREEND. E PARTICIPAÇÕES S.A.;016551;DF Individual - Demonstração do Fluxo de Caixa (Método Direto);REAL;MIL;ÚLTIMO;2021-01-01;2021-03-31;6.01.02;Tributos pagos;-6.0000000000;N
01.989.044/0001-59;2021-03-31;1;WTC RIO EMPREEND. E PARTICIPAÇÕES S.A.;016551;DF Individual - Demonstração do Fluxo de Caixa (Método Direto);REAL;MIL;PENÚLTIMO;2020-01-01;2020-03-31;6.01.03;Outros recebimentos (pagamentos) liquidos;0.0000000000;N
01.989.044/0001-59;2021-03-31;1;WTC RIO EMPREEND. E PARTICIPAÇÕES S.A.;016551;DF Individual - Demonstração do Fluxo de Caixa (Método Direto);REAL;MIL;ÚLTIMO;2021-01-01;2021-03-31;6.01.03;Outros recebimentos (pagamentos) liquidos;0.0000000000;N
01.989.044/0001-59;2021-03-31;1;WTC RIO EMPREEND. E PARTICIPAÇÕES S.A.;016551;DF Individual - Demonstração do Fluxo de Caixa (Método Direto);REAL;MIL;PENÚLTIMO;2020-01-01;2020-03-31;6.02;Caixa Líquido Atividades de Investimento;0.0000000000;S
01.989.044/0001-59;2021-03-31;1;WTC RIO EMPREEND. E PARTICIPAÇÕES S.A.;016551;DF Individual - Demonstração do Fluxo de Caixa (Método Direto);REAL;MIL;ÚLTIMO;2021-01-01;2021-03-31;6.02;Caixa Líquido Atividades de Investimento;0.0000000000;S
01.989.044/0001-59;2021-03-31;1;WTC RIO EMPREEND. E PARTICIPAÇÕES S.A.;016551;DF Individual - Demonstração do Fluxo de Caixa (Método Direto);REAL;MIL;PENÚLTIMO;2020-01-01;2020-03-31;6.03;Caixa Líquido Atividades de Financiamento;11.0000000000;S
01.989.044/0001-59;2021-03-31;1;WTC RIO EMPREEND. E PARTICIPAÇÕES S.A.;016551;DF Individual - Demonstração do Fluxo de Caixa (Método Direto);REAL;MIL;ÚLTIMO;2021-01-01;2021-03-31;6.03;Caixa Líquido Atividades de Financiamento;10.0000000000;S
01.989.044/0001-59;2021-03-31;1;WTC RIO EMPREEND. E PARTICIPAÇÕES S.A.;016551;DF Individual - Demonstração do Fluxo de Caixa (Método Direto);REAL;MIL;PENÚLTIMO;2020-01-01;2020-03-31;6.03.01;Empréstimos pagos/tomados;11.0000000000;N
01.989.044/0001-59;2021-03-31;1;WTC RIO EMPREEND. E PARTICIPAÇÕES S.A.;016551;DF Individual - Demonstração do Fluxo de Caixa (Método Direto);REAL;MIL;ÚLTIMO;2021-01-01;2021-03-31;6.03.01;Empréstimos pagos/tomados;10.0000000000;N
01.989.044/0001-59;2021-03-31;1;WTC RIO EMPREEND. E PARTICIPAÇÕES S.A.;016551;DF Individual - Demonstração do Fluxo de Caixa (Método Direto);REAL;MIL;PENÚLTIMO;2020-01-01;2020-03-31;6.04;Variação Cambial s/ Caixa e Equivalentes;0.0000000000;S
01.989.044/0001-59;2021-03-31;1;WTC RIO EMPREEND. E PARTICIPAÇÕES S.A.;016551;DF Individual - Demonstração do Fluxo de Caixa (Método Direto);REAL;MIL;ÚLTIMO;2021-01-01;2021-03-31;6.04;Variação Cambial s/ Caixa e Equivalentes;0.0000000000;S
01.989.044/0001-59;2021-03-31;1;WTC RIO EMPREEND. E PARTICIPAÇÕES S.A.;016551;DF Individual - Demonstração do Fluxo de Caixa (Método Direto);REAL;MIL;PENÚLTIMO;2020-01-01;2020-03-31;6.05;Aumento (Redução) de Caixa e Equivalentes;0.0000000000;S
01.989.044/0001-59;2021-03-31;1;WTC RIO EMPREEND. E PARTICIPAÇÕES S.A.;016551;DF Individual - Demonstração do Fluxo de Caixa (Método Direto);REAL;MIL;ÚLTIMO;2021-01-01;2021-03-31;6.05;Aumento (Redução) de Caixa e Equivalentes;0.0000000000;S
01.989.044/0001-59;2021-03-31;1;WTC RIO EMPREEND. E PARTICIPAÇÕES S.A.;016551;DF Individual - Demonstração do Fluxo de Caixa (Método Direto);REAL;MIL;PENÚLTIMO;2020-01-01;2020-03-31;6.05.01;Saldo Inicial de Caixa e Equivalentes;0.0000000000;S
01.989.044/0001-59;2021-03-31;1;WTC RIO EMPREEND. E PARTICIPAÇÕES S.A.;016551;DF Individual - Demonstração do Fluxo de Caixa (Método Direto);REAL;MIL;ÚLTIMO;2021-01-01;2021-03-31;6.05.01;Saldo Inicial de Caixa e Equivalentes;0.0000000000;S
01.989.044/0001-59;2021-03-31;1;WTC RIO EMPREEND. E PARTICIPAÇÕES S.A.;016551;DF Individual - Demonstração do Fluxo de Caixa (Método Direto);REAL;MIL;PENÚLTIMO;2020-01-01;2020-03-31;6.05.02;Saldo Final de Caixa e Equivalentes;0.0000000000;S
01.989.044/0001-59;2021-03-31;1;WTC RIO EMPREEND. E PARTICIPAÇÕES S.A.;016551;DF Individual - Demonstração do Fluxo de Caixa (Método Direto);REAL;MIL;ÚLTIMO;2021-01-01;2021-03-31;6.05.02;Saldo Final de Caixa e Equivalentes;0.0000000000;S
02.201.787/0001-85;2021-03-31;1;CEL PARTICIPAÇÕES S.A. - CELPAR;016675;DF Individual - Demonstração do Fluxo de Caixa (Método Direto);REAL;UNIDADE;PENÚLTIMO;2020-01-01;2020-03-31;6.01;Caixa Líquido Atividades Operacionais;-86.0000000000;S
02.201.787/0001-85;2021-03-31;1;CEL PARTICIPAÇÕES S.A. - CELPAR;016675;DF Individual - Demonstração do Fluxo de Caixa (Método Direto);REAL;UNIDADE;ÚLTIMO;2021-01-01;2021-03-31;6.01;Caixa Líquido Atividades Operacionais;0.0000000000;S
02.201.787/0001-85;2021-03-31;1;CEL PARTICIPAÇÕES S.A. - CELPAR;016675;DF Individual - Demonstração do Fluxo de Caixa (Método Direto);REAL;UNIDADE;PENÚLTIMO;2020-01-01;2020-03-31;6.02;Caixa Líquido Atividades de Investimento;0.0000000000;S
02.201.787/0001-85;2021-03-31;1;CEL PARTICIPAÇÕES S.A. - CELPAR;016675;DF Individual - Demonstração do Fluxo de Caixa (Método Direto);REAL;UNIDADE;ÚLTIMO;2021-01-01;2021-03-31;6.02;Caixa Líquido Atividades de Investimento;0.0000000000;S
02.201.787/0001-85;2021-03-31;1;CEL PARTICIPAÇÕES S.A. - CELPAR;016675;DF Individual - Demonstração do Fluxo de Caixa (Método Direto);REAL;UNIDADE;PENÚLTIMO;2020-01-01;2020-03-31;6.03;Caixa Líquido Atividades de Financiamento;0.0000000000;S
02.201.787/0001-85;2021-03-31;1;CEL PARTICIPAÇÕES S.A. - CELPAR;016675;DF Individual - Demonstração do Fluxo de Caixa (Método Direto);REAL;UNIDADE;ÚLTIMO;2021-01-01;2021-03-31;6.03;Caixa Líquido Atividades de Financiamento;0.0000000000;S
02.201.787/0001-85;2021-03-31;1;CEL PARTICIPAÇÕES S.A. - CELPAR;016675;DF Individual - Demonstração do Fluxo de Caixa (Método Direto);REAL;UNIDADE;PENÚLTIMO;2020-01-01;2020-03-31;6.04;Variação Cambial s/ Caixa e Equivalentes;0.0000000000;S
02.201.787/0001-85;2021-03-31;1;CEL PARTICIPAÇÕES S.A. - CELPAR;016675;DF Individual - Demonstração do Fluxo de Caixa (Método Direto);REAL;UNIDADE;ÚLTIMO;2021-01-01;2021-03-31;6.04;Variação Cambial s/ Caixa e Equivalentes;0.0000000000;S
02.201.787/0001-85;2021-03-31;1;CEL PARTICIPAÇÕES S.A. - CELPAR;016675;DF Individual - Demonstração do Fluxo de Caixa (Método Direto);REAL;UNIDADE;PENÚLTIMO;2020-01-01;2020-03-31;6.05;Aumento (Redução) de Caixa e Equivalentes;-86.0000000000;S
02.201.787/0001-85;2021-03-31;1;CEL PARTICIPAÇÕES S.A. - CELPAR;016675;DF Individual - Demonstração do Fluxo de Caixa (Método Direto);REAL;UNIDADE;ÚLTIMO;2021-01-01;2021-03-31;6.05;Aumento (Redução) de Caixa e Equivalentes;0.0000000000;S
02.201.787/0001-85;2021-03-31;1;CEL PARTICIPAÇÕES S.A. - CELPAR;016675;DF Individual - Demonstração do Fluxo de Caixa (Método Direto);REAL;UNIDADE;PENÚLTIMO;2020-01-01;2020-03-31;6.05.01;Saldo Inicial de Caixa e Equivalentes;191.0000000000;S
02.201.787/0001-85;2021-03-31;1;CEL PARTICIPAÇÕES S.A. - CELPAR;016675;DF Individual - Demonstração do Fluxo de Caixa (Método Direto);REAL;UNIDADE;ÚLTIMO;2021-01-01;2021-03-31;6.05.01;Saldo Inicial de Caixa e Equivalentes;-1.0000000000;S
02.201.787/0001-85;2021-03-31;1;CEL PARTICIPAÇÕES S.A. - CELPAR;016675;DF Individual - Demonstração do Fluxo de Caixa (Método Direto);REAL;UNIDADE;PENÚLTIMO;2020-01-01;2020-03-31;6.05.02;Saldo Final de Caixa e Equivalentes;105.0000000000;S
02.201.787/0001-85;2021-03-31;1;CEL PARTICIPAÇÕES S.A. - CELPAR;016675;DF Individual - Demonstração do Fluxo de Caixa (Método Direto);REAL;UNIDADE;ÚLTIMO;2021-01-01;2021-03-31;6.05.02;Saldo Final de Caixa e Equivalentes;-1.0000000000;S
04.912.242/0001-02;2021-03-31;1;PORTUENSE FERRAGENS S/A;009717;DF Individual - Demonstração do Fluxo de Caixa (Método Direto);REAL;UNIDADE;PENÚLTIMO;2020-01-01;2020-03-31;6.01;Caixa Líquido Atividades Operacionais;-11.0000000000;S
04.912.242/0001-02;2021-03-31;1;PORTUENSE FERRAGENS S/A;009717;DF Individual - Demonstração do Fluxo de Caixa (Método Direto);REAL;UNIDADE;ÚLTIMO;2021-01-01;2021-03-31;6.01;Caixa Líquido Atividades Operacionais;1.0000000000;S
04.912.242/0001-02;2021-03-31;1;PORTUENSE FERRAGENS S/A;009717;DF Individual - Demonstração do Fluxo de Caixa (Método Direto);REAL;UNIDADE;PENÚLTIMO;2020-01-01;2020-03-31;6.01.01;Recebimento de Aluguéis de Imóveis próprio;309.0000000000;N
04.912.242/0001-02;2021-03-31;1;PORTUENSE FERRAGENS S/A;009717;DF Individual - Demonstração do Fluxo de Caixa (Método Direto);REAL;UNIDADE;ÚLTIMO;2021-01-01;2021-03-31;6.01.01;Recebimento de Aluguéis de Imóveis próprio;237.0000000000;N
04.912.242/0001-02;2021-03-31;1;PORTUENSE FERRAGENS S/A;009717;DF Individual - Demonstração do Fluxo de Caixa (Método Direto);REAL;UNIDADE;PENÚLTIMO;2020-01-01;2020-03-31;6.01.02;Pagamento a Fornecedores;-162.0000000000;N
04.912.242/0001-02;2021-03-31;1;PORTUENSE FERRAGENS S/A;009717;DF Individual - Demonstração do Fluxo de Caixa (Método Direto);REAL;UNIDADE;ÚLTIMO;2021-01-01;2021-03-31;6.01.02;Pagamento a Fornecedores;-125.0000000000;N
04.912.242/0001-02;2021-03-31;1;PORTUENSE FERRAGENS S/A;009717;DF Individual - Demonstração do Fluxo de Caixa (Método Direto);REAL;UNIDADE;PENÚLTIMO;2020-01-01;2020-03-31;6.01.03;Pagamento Despesa com Pessoal;-88.0000000000;N
04.912.242/0001-02;2021-03-31;1;PORTUENSE FERRAGENS S/A;009717;DF Individual - Demonstração do Fluxo de Caixa (Método Direto);REAL;UNIDADE;ÚLTIMO;2021-01-01;2021-03-31;6.01.03;Pagamento Despesa com Pessoal;-71.0000000000;N
04.912.242/0001-02;2021-03-31;1;PORTUENSE FERRAGENS S/A;009717;DF Individual - Demonstração do Fluxo de Caixa (Método Direto);REAL;UNIDADE;PENÚLTIMO;2020-01-01;2020-03-31;6.01.04;Pagamento de Impostos e Contribuições;-48.0000000000;N
04.912.242/0001-02;2021-03-31;1;PORTUENSE FERRAGENS S/A;009717;DF Individual - Demonstração do Fluxo de Caixa (Método Direto);REAL;UNIDADE;ÚLTIMO;2021-01-01;2021-03-31;6.01.04;Pagamento de Impostos e Contribuições;-26.0000000000;N
04.912.242/0001-02;2021-03-31;1;PORTUENSE FERRAGENS S/A;009717;DF Individual - Demonstração do Fluxo de Caixa (Método Direto);REAL;UNIDADE;PENÚLTIMO;2020-01-01;2020-03-31;6.01.05;Pagamento de Juros;-5.0000000000;N
04.912.242/0001-02;2021-03-31;1;PORTUENSE FERRAGENS S/A;009717;DF Individual - Demonstração do Fluxo de Caixa (Método Direto);REAL;UNIDADE;ÚLTIMO;2021-01-01;2021-03-31;6.01.05;Pagamento de Juros;-3.0000000000;N
04.912.242/0001-02;2021-03-31;1;PORTUENSE FERRAGENS S/A;009717;DF Individual - Demonstração do Fluxo de Caixa (Método Direto);REAL;UNIDADE;PENÚLTIMO;2020-01-01;2020-03-31;6.01.06;Outros Pagamentos;-17.0000000000;N
04.912.242/0001-02;2021-03-31;1;PORTUENSE FERRAGENS S/A;009717;DF Individual - Demonstração do Fluxo de Caixa (Método Direto);REAL;UNIDADE;ÚLTIMO;2021-01-01;2021-03-31;6.01.06;Outros Pagamentos;-11.0000000000;N
04.912.242/0001-02;2021-03-31;1;PORTUENSE FERRAGENS S/A;009717;DF Individual - Demonstração do Fluxo de Caixa (Método Direto);REAL;UNIDADE;PENÚLTIMO;2020-01-01;2020-03-31;6.02;Caixa Líquido Atividades de Investimento;0.0000000000;S
04.912.242/0001-02;2021-03-31;1;PORTUENSE FERRAGENS S/A;009717;DF Individual - Demonstração do Fluxo de Caixa (Método Direto);REAL;UNIDADE;ÚLTIMO;2021-01-01;2021-03-31;6.02;Caixa Líquido Atividades de Investimento;0.0000000000;S
04.912.242/0001-02;2021-03-31;1;PORTUENSE FERRAGENS S/A;009717;DF Individual - Demonstração do Fluxo de Caixa (Método Direto);REAL;UNIDADE;PENÚLTIMO;2020-01-01;2020-03-31;6.03;Caixa Líquido Atividades de Financiamento;30.0000000000;S
04.912.242/0001-02;2021-03-31;1;PORTUENSE FERRAGENS S/A;009717;DF Individual - Demonstração do Fluxo de Caixa (Método Direto);REAL;UNIDADE;ÚLTIMO;2021-01-01;2021-03-31;6.03;Caixa Líquido Atividades de Financiamento;-2.0000000000;S
04.912.242/0001-02;2021-03-31;1;PORTUENSE FERRAGENS S/A;009717;DF Individual - Demonstração do Fluxo de Caixa (Método Direto);REAL;UNIDADE;PENÚLTIMO;2020-01-01;2020-03-31;6.03.01;Pagamento de Empréstimos;-7.0000000000;N
04.912.242/0001-02;2021-03-31;1;PORTUENSE FERRAGENS S/A;009717;DF Individual - Demonstração do Fluxo de Caixa (Método Direto);REAL;UNIDADE;ÚLTIMO;2021-01-01;2021-03-31;6.03.01;Pagamento de Empréstimos;-26.0000000000;N
04.912.242/0001-02;2021-03-31;1;PORTUENSE FERRAGENS S/A;009717;DF Individual - Demonstração do Fluxo de Caixa (Método Direto);REAL;UNIDADE;PENÚLTIMO;2020-01-01;2020-03-31;6.03.02;Empréstimos de Pessoas Ligadas;37.0000000000;N
04.912.242/0001-02;2021-03-31;1;PORTUENSE FERRAGENS S/A;009717;DF Individual - Demonstração do Fluxo de Caixa (Método Direto);REAL;UNIDADE;ÚLTIMO;2021-01-01;2021-03-31;6.03.02;Empréstimos de Pessoas Ligadas;24.0000000000;N
04.912.242/0001-02;2021-03-31;1;PORTUENSE FERRAGENS S/A;009717;DF Individual - Demonstração do Fluxo de Caixa (Método Direto);REAL;UNIDADE;PENÚLTIMO;2020-01-01;2020-03-31;6.04;Variação Cambial s/ Caixa e Equivalentes;0.0000000000;S
04.912.242/0001-02;2021-03-31;1;PORTUENSE FERRAGENS S/A;009717;DF Individual - Demonstração do Fluxo de Caixa (Método Direto);REAL;UNIDADE;ÚLTIMO;2021-01-01;2021-03-31;6.04;Variação Cambial s/ Caixa e Equivalentes;0.0000000000;S
04.912.242/0001-02;2021-03-31;1;PORTUENSE FERRAGENS S/A;009717;DF Individual - Demonstração do Fluxo de Caixa (Método Direto);REAL;UNIDADE;PENÚLTIMO;2020-01-01;2020-03-31;6.05;Aumento (Redução) de Caixa e Equivalentes;19.0000000000;S
04.912.242/0001-02;2021-03-31;1;PORTUENSE FERRAGENS S/A;009717;DF Individual - Demonstração do Fluxo de Caixa (Método Direto);REAL;UNIDADE;ÚLTIMO;2021-01-01;2021-03-31;6.05;Aumento (Redução) de Caixa e Equivalentes;-1.0000000000;S
04.912.242/0001-02;2021-03-31;1;PORTUENSE FERRAGENS S/A;009717;DF Individual - Demonstração do Fluxo de Caixa (Método Direto);REAL;UNIDADE;PENÚLTIMO;2020-01-01;2020-03-31;6.05.01;Saldo Inicial de Caixa e Equivalentes;5.0000000000;S
04.912.242/0001-02;2021-03-31;1;PORTUENSE FERRAGENS S/A;009717;DF Individual - Demonstração do Fluxo de Caixa (Método Direto);REAL;UNIDADE;ÚLTIMO;2021-01-01;2021-03-31;6.05.01;Saldo Inicial de Caixa e Equivalentes;14.0000000000;S
04.912.242/0001-02;2021-03-31;1;PORTUENSE FERRAGENS S/A;009717;DF Individual - Demonstração do Fluxo de Caixa (Método Direto);REAL;UNIDADE;PENÚLTIMO;2020-01-01;2020-03-31;6.05.02;Saldo Final de Caixa e Equivalentes;24.0000000000;S
04.912.242/0001-02;2021-03-31;1;PORTUENSE FERRAGENS S/A;009717;DF Individual - Demonstração do Fluxo de Caixa (Método Direto);REAL;UNIDADE;ÚLTIMO;2021-01-01;2021-03-31;6.05.02;Saldo Final de Caixa e Equivalentes;13.0000000000;S
07.437.016/0001-05;2021-03-31;1;CINESYSTEM S.A.;023965;DF Individual - Demonstração do Fluxo de Caixa (Método Direto);REAL;MIL;PENÚLTIMO;2020-01-01;2020-03-31;6.01;Caixa Líquido Atividades Operacionais;-1109.0000000000;S
07.437.016/0001-05;2021-03-31;1;CINESYSTEM S.A.;023965;DF Individual - Demonstração do Fluxo de Caixa (Método Direto);REAL;MIL;ÚLTIMO;2021-01-01;2021-03-31;6.01;Caixa Líquido Atividades Operacionais;-1663.0000000000;S
07.437.016/0001-05;2021-03-31;1;CINESYSTEM S.A.;023965;DF Individual - Demonstração do Fluxo de Caixa (Método Direto);REAL;MIL;PENÚLTIMO;2020-01-01;2020-03-31;6.01.01;Lucro líquido (Prejuízo) do exercício;-3512.0000000000;N
07.437.016/0001-05;2021-03-31;1;CINESYSTEM S.A.;023965;DF Individual - Demonstração do Fluxo de Caixa (Método Direto);REAL;MIL;ÚLTIMO;2021-01-01;2021-03-31;6.01.01;Lucro líquido (Prejuízo) do exercício;-15014.0000000000;N
07.437.016/0001-05;2021-03-31;1;CINESYSTEM S.A.;023965;DF Individual - Demonstração do Fluxo de Caixa (Método Direto);REAL;MIL;PENÚLTIMO;2020-01-01;2020-03-31;6.01.02;Depreciação/amortização;27.0000000000;N
07.437.016/0001-05;2021-03-31;1;CINESYSTEM S.A.;023965;DF Individual - Demonstração do Fluxo de Caixa (Método Direto);REAL;MIL;ÚLTIMO;2021-01-01;2021-03-31;6.01.02;Depreciação/amortização;31.0000000000;N
07.437.016/0001-05;2021-03-31;1;CINESYSTEM S.A.;023965;DF Individual - Demonstração do Fluxo de Caixa (Método Direto);REAL;MIL;PENÚLTIMO;2020-01-01;2020-03-31;6.01.03;Amortização;23.0000000000;N
07.437.016/0001-05;2021-03-31;1;CINESYSTEM S.A.;023965;DF Individual - Demonstração do Fluxo de Caixa (Método Direto);REAL;MIL;ÚLTIMO;2021-01-01;2021-03-31;6.01.03;Amortização;43.0000000000;N
07.437.016/0001-05;2021-03-31;1;CINESYSTEM S.A.;023965;DF Individual - Demonstração do Fluxo de Caixa (Método Direto);REAL;MIL;PENÚLTIMO;2020-01-01;2020-03-31;6.01.04;Juros sobre empréstimos e financiamentos;78.0000000000;N
07.437.016/0001-05;2021-03-31;1;CINESYSTEM S.A.;023965;DF Individual - Demonstração do Fluxo de Caixa (Método Direto);REAL;MIL;ÚLTIMO;2021-01-01;2021-03-31;6.01.04;Juros sobre empréstimos e financiamentos;48.0000000000;N
07.437.016/0001-05;2021-03-31;1;CINESYSTEM S.A.;023965;DF Individual - Demonstração do Fluxo de Caixa (Método Direto);REAL;MIL;PENÚLTIMO;2020-01-01;2020-03-31;6.01.05;Resultado líq. a vlr. presente e valor justo;0.0000000000;N
07.437.016/0001-05;2021-03-31;1;CINESYSTEM S.A.;023965;DF Individual - Demonstração do Fluxo de Caixa (Método Direto);REAL;MIL;ÚLTIMO;2021-01-01;2021-03-31;6.01.05;Resultado líq. a vlr. presente e valor justo;8.0000000000;N
07.437.016/0001-05;2021-03-31;1;CINESYSTEM S.A.;023965;DF Individual - Demonstração do Fluxo de Caixa (Método Direto);REAL;MIL;PENÚLTIMO;2020-01-01;2020-03-31;6.01.06;Provisão para contingências e perdas liq. duv.;-30.0000000000;N
07.437.016/0001-05;2021-03-31;1;CINESYSTEM S.A.;023965;DF Individual - Demonstração do Fluxo de Caixa (Método Direto);REAL;MIL;ÚLTIMO;2021-01-01;2021-03-31;6.01.06;Provisão para contingências e perdas liq. duv.;-7.0000000000;N
07.437.016/0001-05;2021-03-31;1;CINESYSTEM S.A.;023965;DF Individual - Demonstração do Fluxo de Caixa (Método Direto);REAL;MIL;PENÚLTIMO;2020-01-01;2020-03-31;6.01.07;Resultado de equivalência patrimonial;3633.0000000000;N
07.437.016/0001-05;2021-03-31;1;CINESYSTEM S.A.;023965;DF Individual - Demonstração do Fluxo de Caixa (Método Direto);REAL;MIL;ÚLTIMO;2021-01-01;2021-03-31;6.01.07;Resultado de equivalência patrimonial;12968.0000000000;N
07.437.016/0001-05;2021-03-31;1;CINESYSTEM S.A.;023965;DF Individual - Demonstração do Fluxo de Caixa (Método Direto);REAL;MIL;PENÚLTIMO;2020-01-01;2020-03-31;6.01.08;Resultado de mudança de percentual;0.0000000000;N
07.437.016/0001-05;2021-03-31;1;CINESYSTEM S.A.;023965;DF Individual - Demonstração do Fluxo de Caixa (Método Direto);REAL;MIL;ÚLTIMO;2021-01-01;2021-03-31;6.01.08;Resultado de mudança de percentual;0.0000000000;N
07.437.016/0001-05;2021-03-31;1;CINESYSTEM S.A.;023965;DF Individual - Demonstração do Fluxo de Caixa (Método Direto);REAL;MIL;PENÚLTIMO;2020-01-01;2020-03-31;6.01.09;Imposto de renda e contribuição social diferidos;-8.0000000000;N
07.437.016/0001-05;2021-03-31;1;CINESYSTEM S.A.;023965;DF Individual - Demonstração do Fluxo de Caixa (Método Direto);REAL;MIL;ÚLTIMO;2021-01-01;2021-03-31;6.01.09;Imposto de renda e contribuição social diferidos;-1.0000000000;N
07.437.016/0001-05;2021-03-31;1;CINESYSTEM S.A.;023965;DF Individual - Demonstração do Fluxo de Caixa (Método Direto);REAL;MIL;PENÚLTIMO;2020-01-01;2020-03-31;6.01.10;Aplicações financeiras;-8.0000000000;N
07.437.016/0001-05;2021-03-31;1;CINESYSTEM S.A.;023965;DF Individual - Demonstração do Fluxo de Caixa (Método Direto);REAL;MIL;ÚLTIMO;2021-01-01;2021-03-31;6.01.10;Aplicações financeiras;0.0000000000;N
07.437.016/0001-05;2021-03-31;1;CINESYSTEM S.A.;023965;DF Individual - Demonstração do Fluxo de Caixa (Método Direto);REAL;MIL;PENÚLTIMO;2020-01-01;2020-03-31;6.01.11;Contas a receber de clientes;-582.0000000000;N
07.437.016/0001-05;2021-03-31;1;CINESYSTEM S.A.;023965;DF Individual - Demonstração do Fluxo de Caixa (Método Direto);REAL;MIL;ÚLTIMO;2021-01-01;2021-03-31;6.01.11;Contas a receber de clientes;26.0000000000;N
07.437.016/0001-05;2021-03-31;1;CINESYSTEM S.A.;023965;DF Individual - Demonstração do Fluxo de Caixa (Método Direto);REAL;MIL;PENÚLTIMO;2020-01-01;2020-03-31;6.01.12;Estoques;0.0000000000;N
07.437.016/0001-05;2021-03-31;1;CINESYSTEM S.A.;023965;DF Individual - Demonstração do Fluxo de Caixa (Método Direto);REAL;MIL;ÚLTIMO;2021-01-01;2021-03-31;6.01.12;Estoques;0.0000000000;N
07.437.016/0001-05;2021-03-31;1;CINESYSTEM S.A.;023965;DF Individual - Demonstração do Fluxo de Caixa (Método Direto);REAL;MIL;PENÚLTIMO;2020-01-01;2020-03-31;6.01.13;Impostos a recuperar;-8.0000000000;N
07.437.016/0001-05;2021-03-31;1;CINESYSTEM S.A.;023965;DF Individual - Demonstração do Fluxo de Caixa (Método Direto);REAL;MIL;ÚLTIMO;2021-01-01;2021-03-31;6.01.13;Impostos a recuperar;-1.0000000000;N
07.437.016/0001-05;2021-03-31;1;CINESYSTEM S.A.;023965;DF Individual - Demonstração do Fluxo de Caixa (Método Direto);REAL;MIL;PENÚLTIMO;2020-01-01;2020-03-31;6.01.14;Adiantamentos a fornecedores e funcionários;0.0000000000;N
07.437.016/0001-05;2021-03-31;1;CINESYSTEM S.A.;023965;DF Individual - Demonstração do Fluxo de Caixa (Método Direto);REAL;MIL;ÚLTIMO;2021-01-01;2021-03-31;6.01.14;Adiantamentos a fornecedores e funcionários;0.0000000000;N
07.437.016/0001-05;2021-03-31;1;CINESYSTEM S.A.;023965;DF Individual - Demonstração do Fluxo de Caixa (Método Direto);REAL;MIL;PENÚLTIMO;2020-01-01;2020-03-31;6.01.15;Outros créditos;-316.0000000000;N
07.437.016/0001-05;2021-03-31;1;CINESYSTEM S.A.;023965;DF Individual - Demonstração do Fluxo de Caixa (Método Direto);REAL;MIL;ÚLTIMO;2021-01-01;2021-03-31;6.01.15;Outros créditos;284.0000000000;N
07.437.016/0001-05;2021-03-31;1;CINESYSTEM S.A.;023965;DF Individual - Demonstração do Fluxo de Caixa (Método Direto);REAL;MIL;PENÚLTIMO;2020-01-01;2020-03-31;6.01.16;Despesas antecipadas;13.0000000000;N
07.437.016/0001-05;2021-03-31;1;CINESYSTEM S.A.;023965;DF Individual - Demonstração do Fluxo de Caixa (Método Direto);REAL;MIL;ÚLTIMO;2021-01-01;2021-03-31;6.01.16;Despesas antecipadas;18.0000000000;N
07.437.016/0001-05;2021-03-31;1;CINESYSTEM S.A.;023965;DF Individual - Demonstração do Fluxo de Caixa (Método Direto);REAL;MIL;PENÚLTIMO;2020-01-01;2020-03-31;6.01.17;Fornecedores e outras obrigações;-62.0000000000;N
07.437.016/0001-05;2021-03-31;1;CINESYSTEM S.A.;023965;DF Individual - Demonstração do Fluxo de Caixa (Método Direto);REAL;MIL;ÚLTIMO;2021-01-01;2021-03-31;6.01.17;Fornecedores e outras obrigações;1.0000000000;N
07.437.016/0001-05;2021-03-31;1;CINESYSTEM S.A.;023965;DF Individual - Demonstração do Fluxo de Caixa (Método Direto);REAL;MIL;PENÚLTIMO;2020-01-01;2020-03-31;6.01.18;Obrigações tributárias e sociais, impostos parcelados;-292.0000000000;N
07.437.016/0001-05;2021-03-31;1;CINESYSTEM S.A.;023965;DF Individual - Demonstração do Fluxo de Caixa (Método Direto);REAL;MIL;ÚLTIMO;2021-01-01;2021-03-31;6.01.18;Obrigações tributárias e sociais, impostos parcelados;-19.0000000000;N
07.437.016/0001-05;2021-03-31;1;CINESYSTEM S.A.;023965;DF Individual - Demonstração do Fluxo de Caixa (Método Direto);REAL;MIL;PENÚLTIMO;2020-01-01;2020-03-31;6.01.19;Juros pagos;-65.0000000000;N
07.437.016/0001-05;2021-03-31;1;CINESYSTEM S.A.;023965;DF Individual - Demonstração do Fluxo de Caixa (Método Direto);REAL;MIL;ÚLTIMO;2021-01-01;2021-03-31;6.01.19;Juros pagos;-48.0000000000;N
07.437.016/0001-05;2021-03-31;1;CINESYSTEM S.A.;023965;DF Individual - Demonstração do Fluxo de Caixa (Método Direto);REAL;MIL;PENÚLTIMO;2020-01-01;2020-03-31;6.01.20;Impostos pagos sobre o lucro;0.0000000000;N
07.437.016/0001-05;2021-03-31;1;CINESYSTEM S.A.;023965;DF Individual - Demonstração do Fluxo de Caixa (Método Direto);REAL;MIL;ÚLTIMO;2021-01-01;2021-03-31;6.01.20;Impostos pagos sobre o lucro;0.0000000000;N
07.437.016/0001-05;2021-03-31;1;CINESYSTEM S.A.;023965;DF Individual - Demonstração do Fluxo de Caixa (Método Direto);REAL;MIL;PENÚLTIMO;2020-01-01;2020-03-31;6.02;Caixa Líquido Atividades de Investimento;-122.0000000000;S
07.437.016/0001-05;2021-03-31;1;CINESYSTEM S.A.;023965;DF Individual - Demonstração do Fluxo de Caixa (Método Direto);REAL;MIL;ÚLTIMO;2021-01-01;2021-03-31;6.02;Caixa Líquido Atividades de Investimento;-23.0000000000;S
07.437.016/0001-05;2021-03-31;1;CINESYSTEM S.A.;023965;DF Individual - Demonstração do Fluxo de Caixa (Método Direto);REAL;MIL;PENÚLTIMO;2020-01-01;2020-03-31;6.02.01;Aquisição de ativo imobilizado e intangível;-122.0000000000;N
07.437.016/0001-05;2021-03-31;1;CINESYSTEM S.A.;023965;DF Individual - Demonstração do Fluxo de Caixa (Método Direto);REAL;MIL;ÚLTIMO;2021-01-01;2021-03-31;6.02.01;Aquisição de ativo imobilizado e intangível;-23.0000000000;N
07.437.016/0001-05;2021-03-31;1;CINESYSTEM S.A.;023965;DF Individual - Demonstração do Fluxo de Caixa (Método Direto);REAL;MIL;PENÚLTIMO;2020-01-01;2020-03-31;6.02.02;Adiantamento para futuro aumento de capital;0.0000000000;N
07.437.016/0001-05;2021-03-31;1;CINESYSTEM S.A.;023965;DF Individual - Demonstração do Fluxo de Caixa (Método Direto);REAL;MIL;ÚLTIMO;2021-01-01;2021-03-31;6.02.02;Adiantamento para futuro aumento de capital;0.0000000000;N
07.437.016/0001-05;2021-03-31;1;CINESYSTEM S.A.;023965;DF Individual - Demonstração do Fluxo de Caixa (Método Direto);REAL;MIL;PENÚLTIMO;2020-01-01;2020-03-31;6.02.03;Dividendos recebidos;0.0000000000;N
07.437.016/0001-05;2021-03-31;1;CINESYSTEM S.A.;023965;DF Individual - Demonstração do Fluxo de Caixa (Método Direto);REAL;MIL;ÚLTIMO;2021-01-01;2021-03-31;6.02.03;Dividendos recebidos;0.0000000000;N
07.437.016/0001-05;2021-03-31;1;CINESYSTEM S.A.;023965;DF Individual - Demonstração do Fluxo de Caixa (Método Direto);REAL;MIL;PENÚLTIMO;2020-01-01;2020-03-31;6.02.04;Aumento de capital em controladas;0.0000000000;N
07.437.016/0001-05;2021-03-31;1;CINESYSTEM S.A.;023965;DF Individual - Demonstração do Fluxo de Caixa (Método Direto);REAL;MIL;ÚLTIMO;2021-01-01;2021-03-31;6.02.04;Aumento de capital em controladas;0.0000000000;N
07.437.016/0001-05;2021-03-31;1;CINESYSTEM S.A.;023965;DF Individual - Demonstração do Fluxo de Caixa (Método Direto);REAL;MIL;PENÚLTIMO;2020-01-01;2020-03-31;6.02.05;Investimento cisão Rio;0.0000000000;N
07.437.016/0001-05;2021-03-31;1;CINESYSTEM S.A.;023965;DF Individual - Demonstração do Fluxo de Caixa (Método Direto);REAL;MIL;ÚLTIMO;2021-01-01;2021-03-31;6.02.05;Investimento cisão Rio;0.0000000000;N
07.437.016/0001-05;2021-03-31;1;CINESYSTEM S.A.;023965;DF Individual - Demonstração do Fluxo de Caixa (Método Direto);REAL;MIL;PENÚLTIMO;2020-01-01;2020-03-31;6.02.06;Investimento reflexo;0.0000000000;N
07.437.016/0001-05;2021-03-31;1;CINESYSTEM S.A.;023965;DF Individual - Demonstração do Fluxo de Caixa (Método Direto);REAL;MIL;ÚLTIMO;2021-01-01;2021-03-31;6.02.06;Investimento reflexo;0.0000000000;N
07.437.016/0001-05;2021-03-31;1;CINESYSTEM S.A.;023965;DF Individual - Demonstração do Fluxo de Caixa (Método Direto);REAL;MIL;PENÚLTIMO;2020-01-01;2020-03-31;6.02.07;Outros investimentos;0.0000000000;N
07.437.016/0001-05;2021-03-31;1;CINESYSTEM S.A.;023965;DF Individual - Demonstração do Fluxo de Caixa (Método Direto);REAL;MIL;ÚLTIMO;2021-01-01;2021-03-31;6.02.07;Outros investimentos;0.0000000000;N
07.437.016/0001-05;2021-03-31;1;CINESYSTEM S.A.;023965;DF Individual - Demonstração do Fluxo de Caixa (Método Direto);REAL;MIL;PENÚLTIMO;2020-01-01;2020-03-31;6.03;Caixa Líquido Atividades de Financiamento;2258.0000000000;S
07.437.016/0001-05;2021-03-31;1;CINESYSTEM S.A.;023965;DF Individual - Demonstração do Fluxo de Caixa (Método Direto);REAL;MIL;ÚLTIMO;2021-01-01;2021-03-31;6.03;Caixa Líquido Atividades de Financiamento;1671.0000000000;S
07.437.016/0001-05;2021-03-31;1;CINESYSTEM S.A.;023965;DF Individual - Demonstração do Fluxo de Caixa (Método Direto);REAL;MIL;PENÚLTIMO;2020-01-01;2020-03-31;6.03.01;Aporte de capital de acionistas;0.0000000000;N
07.437.016/0001-05;2021-03-31;1;CINESYSTEM S.A.;023965;DF Individual - Demonstração do Fluxo de Caixa (Método Direto);REAL;MIL;ÚLTIMO;2021-01-01;2021-03-31;6.03.01;Aporte de capital de acionistas;0.0000000000;N
07.437.016/0001-05;2021-03-31;1;CINESYSTEM S.A.;023965;DF Individual - Demonstração do Fluxo de Caixa (Método Direto);REAL;MIL;PENÚLTIMO;2020-01-01;2020-03-31;6.03.02;Outras transações de capital;0.0000000000;N
07.437.016/0001-05;2021-03-31;1;CINESYSTEM S.A.;023965;DF Individual - Demonstração do Fluxo de Caixa (Método Direto);REAL;MIL;ÚLTIMO;2021-01-01;2021-03-31;6.03.02;Outras transações de capital;0.0000000000;N
07.437.016/0001-05;2021-03-31;1;CINESYSTEM S.A.;023965;DF Individual - Demonstração do Fluxo de Caixa (Método Direto);REAL;MIL;PENÚLTIMO;2020-01-01;2020-03-31;6.03.03;Contratação de empréstimos e financiamentos;0.0000000000;N
07.437.016/0001-05;2021-03-31;1;CINESYSTEM S.A.;023965;DF Individual - Demonstração do Fluxo de Caixa (Método Direto);REAL;MIL;ÚLTIMO;2021-01-01;2021-03-31;6.03.03;Contratação de empréstimos e financiamentos;0.0000000000;N
07.437.016/0001-05;2021-03-31;1;CINESYSTEM S.A.;023965;DF Individual - Demonstração do Fluxo de Caixa (Método Direto);REAL;MIL;PENÚLTIMO;2020-01-01;2020-03-31;6.03.04;Pagamento de empréstimos e financiamentos;-70.0000000000;N
07.437.016/0001-05;2021-03-31;1;CINESYSTEM S.A.;023965;DF Individual - Demonstração do Fluxo de Caixa (Método Direto);REAL;MIL;ÚLTIMO;2021-01-01;2021-03-31;6.03.04;Pagamento de empréstimos e financiamentos;-247.0000000000;N
07.437.016/0001-05;2021-03-31;1;CINESYSTEM S.A.;023965;DF Individual - Demonstração do Fluxo de Caixa (Método Direto);REAL;MIL;PENÚLTIMO;2020-01-01;2020-03-31;6.03.05;Dividendos pagos;0.0000000000;N
07.437.016/0001-05;2021-03-31;1;CINESYSTEM S.A.;023965;DF Individual - Demonstração do Fluxo de Caixa (Método Direto);REAL;MIL;ÚLTIMO;2021-01-01;2021-03-31;6.03.05;Dividendos pagos;0.0000000000;N
07.437.016/0001-05;2021-03-31;1;CINESYSTEM S.A.;023965;DF Individual - Demonstração do Fluxo de Caixa (Método Direto);REAL;MIL;PENÚLTIMO;2020-01-01;2020-03-31;6.03.06;Entrada de Recursos Partes Relacionadas;10475.0000000000;N
07.437.016/0001-05;2021-03-31;1;CINESYSTEM S.A.;023965;DF Individual - Demonstração do Fluxo de Caixa (Método Direto);REAL;MIL;ÚLTIMO;2021-01-01;2021-03-31;6.03.06;Entrada de Recursos Partes Relacionadas;5172.0000000000;N
07.437.016/0001-05;2021-03-31;1;CINESYSTEM S.A.;023965;DF Individual - Demonstração do Fluxo de Caixa (Método Direto);REAL;MIL;PENÚLTIMO;2020-01-01;2020-03-31;6.03.07;Saídas de Recursos Partes Relacionadas;-8147.0000000000;N
07.437.016/0001-05;2021-03-31;1;CINESYSTEM S.A.;023965;DF Individual - Demonstração do Fluxo de Caixa (Método Direto);REAL;MIL;ÚLTIMO;2021-01-01;2021-03-31;6.03.07;Saídas de Recursos Partes Relacionadas;-3228.0000000000;N
07.437.016/0001-05;2021-03-31;1;CINESYSTEM S.A.;023965;DF Individual - Demonstração do Fluxo de Caixa (Método Direto);REAL;MIL;PENÚLTIMO;2020-01-01;2020-03-31;6.03.08;Passivos de arrendamento;0.0000000000;N
07.437.016/0001-05;2021-03-31;1;CINESYSTEM S.A.;023965;DF Individual - Demonstração do Fluxo de Caixa (Método Direto);REAL;MIL;ÚLTIMO;2021-01-01;2021-03-31;6.03.08;Passivos de arrendamento;-26.0000000000;N
07.437.016/0001-05;2021-03-31;1;CINESYSTEM S.A.;023965;DF Individual - Demonstração do Fluxo de Caixa (Método Direto);REAL;MIL;PENÚLTIMO;2020-01-01;2020-03-31;6.04;Variação Cambial s/ Caixa e Equivalentes;0.0000000000;S
07.437.016/0001-05;2021-03-31;1;CINESYSTEM S.A.;023965;DF Individual - Demonstração do Fluxo de Caixa (Método Direto);REAL;MIL;ÚLTIMO;2021-01-01;2021-03-31;6.04;Variação Cambial s/ Caixa e Equivalentes;0.0000000000;S
07.437.016/0001-05;2021-03-31;1;CINESYSTEM S.A.;023965;DF Individual - Demonstração do Fluxo de Caixa (Método Direto);REAL;MIL;PENÚLTIMO;2020-01-01;2020-03-31;6.05;Aumento (Redução) de Caixa e Equivalentes;1027.0000000000;S
07.437.016/0001-05;2021-03-31;1;CINESYSTEM S.A.;023965;DF Individual - Demonstração do Fluxo de Caixa (Método Direto);REAL;MIL;ÚLTIMO;2021-01-01;2021-03-31;6.05;Aumento (Redução) de Caixa e Equivalentes;-15.0000000000;S
07.437.016/0001-05;2021-03-31;1;CINESYSTEM S.A.;023965;DF Individual - Demonstração do Fluxo de Caixa (Método Direto);REAL;MIL;PENÚLTIMO;2020-01-01;2020-03-31;6.05.01;Saldo Inicial de Caixa e Equivalentes;3083.0000000000;S
07.437.016/0001-05;2021-03-31;1;CINESYSTEM S.A.;023965;DF Individual - Demonstração do Fluxo de Caixa (Método Direto);REAL;MIL;ÚLTIMO;2021-01-01;2021-03-31;6.05.01;Saldo Inicial de Caixa e Equivalentes;24.0000000000;S
07.437.016/0001-05;2021-03-31;1;CINESYSTEM S.A.;023965;DF Individual - Demonstração do Fluxo de Caixa (Método Direto);REAL;MIL;PENÚLTIMO;2020-01-01;2020-03-31;6.05.02;Saldo Final de Caixa e Equivalentes;4110.0000000000;S
07.437.016/0001-05;2021-03-31;1;CINESYSTEM S.A.;023965;DF Individual - Demonstração do Fluxo de Caixa (Método Direto);REAL;MIL;ÚLTIMO;2021-01-01;2021-03-31;6.05.02;Saldo Final de Caixa e Equivalentes;9.0000000000;S
08.560.444/0001-93;2021-03-31;3;CIA CELG DE PARTICIPACOES - CELGPAR;021393;DF Individual - Demonstração do Fluxo de Caixa (Método Direto);REAL;MIL;PENÚLTIMO;2020-01-01;2020-03-31;6.01;Caixa Líquido Atividades Operacionais;-1371.0000000000;S
08.560.444/0001-93;2021-03-31;3;CIA CELG DE PARTICIPACOES - CELGPAR;021393;DF Individual - Demonstração do Fluxo de Caixa (Método Direto);REAL;MIL;ÚLTIMO;2021-01-01;2021-03-31;6.01;Caixa Líquido Atividades Operacionais;-3238.0000000000;S
08.560.444/0001-93;2021-03-31;3;CIA CELG DE PARTICIPACOES - CELGPAR;021393;DF Individual - Demonstração do Fluxo de Caixa (Método Direto);REAL;MIL;PENÚLTIMO;2020-01-01;2020-03-31;6.02;Caixa Líquido Atividades de Investimento;-3000.0000000000;S
08.560.444/0001-93;2021-03-31;3;CIA CELG DE PARTICIPACOES - CELGPAR;021393;DF Individual - Demonstração do Fluxo de Caixa (Método Direto);REAL;MIL;ÚLTIMO;2021-01-01;2021-03-31;6.02;Caixa Líquido Atividades de Investimento;0.0000000000;S
08.560.444/0001-93;2021-03-31;3;CIA CELG DE PARTICIPACOES - CELGPAR;021393;DF Individual - Demonstração do Fluxo de Caixa (Método Direto);REAL;MIL;PENÚLTIMO;2020-01-01;2020-03-31;6.03;Caixa Líquido Atividades de Financiamento;4989.0000000000;S
08.560.444/0001-93;2021-03-31;3;CIA CELG DE PARTICIPACOES - CELGPAR;021393;DF Individual - Demonstração do Fluxo de Caixa (Método Direto);REAL;MIL;ÚLTIMO;2021-01-01;2021-03-31;6.03;Caixa Líquido Atividades de Financiamento;4535.0000000000;S
08.560.444/0001-93;2021-03-31;3;CIA CELG DE PARTICIPACOES - CELGPAR;021393;DF Individual - Demonstração do Fluxo de Caixa (Método Direto);REAL;MIL;PENÚLTIMO;2020-01-01;2020-03-31;6.04;Efeitos de Variação Cambial s/ Caixa e Equivalentes;0.0000000000;S
08.560.444/0001-93;2021-03-31;3;CIA CELG DE PARTICIPACOES - CELGPAR;021393;DF Individual - Demonstração do Fluxo de Caixa (Método Direto);REAL;MIL;ÚLTIMO;2021-01-01;2021-03-31;6.04;Efeitos de Variação Cambial s/ Caixa e Equivalentes;0.0000000000;S
08.560.444/0001-93;2021-03-31;3;CIA CELG DE PARTICIPACOES - CELGPAR;021393;DF Individual - Demonstração do Fluxo de Caixa (Método Direto);REAL;MIL;PENÚLTIMO;2020-01-01;2020-03-31;6.05;Aumento (Redução) de Caixa e Equivalentes;618.0000000000;S
08.560.444/0001-93;2021-03-31;3;CIA CELG DE PARTICIPACOES - CELGPAR;021393;DF Individual - Demonstração do Fluxo de Caixa (Método Direto);REAL;MIL;ÚLTIMO;2021-01-01;2021-03-31;6.05;Aumento (Redução) de Caixa e Equivalentes;1297.0000000000;S
08.560.444/0001-93;2021-03-31;3;CIA CELG DE PARTICIPACOES - CELGPAR;021393;DF Individual - Demonstração do Fluxo de Caixa (Método Direto);REAL;MIL;PENÚLTIMO;2020-01-01;2020-03-31;6.05.01;Saldo Inicial de Caixa e Equivalentes;471.0000000000;S
08.560.444/0001-93;2021-03-31;3;CIA CELG DE PARTICIPACOES - CELGPAR;021393;DF Individual - Demonstração do Fluxo de Caixa (Método Direto);REAL;MIL;ÚLTIMO;2021-01-01;2021-03-31;6.05.01;Saldo Inicial de Caixa e Equivalentes;5897.0000000000;S
08.560.444/0001-93;2021-03-31;3;CIA CELG DE PARTICIPACOES - CELGPAR;021393;DF Individual - Demonstração do Fluxo de Caixa (Método Direto);REAL;MIL;PENÚLTIMO;2020-01-01;2020-03-31;6.05.02;Saldo Final de Caixa e Equivalentes;1089.0000000000;S
08.560.444/0001-93;2021-03-31;3;CIA CELG DE PARTICIPACOES - CELGPAR;021393;DF Individual - Demonstração do Fluxo de Caixa (Método Direto);REAL;MIL;ÚLTIMO;2021-01-01;2021-03-31;6.05.02;Saldo Final de Caixa e Equivalentes;7194.0000000000;S
15.101.405/0001-93;2021-03-31;1;CORREA RIBEIRO S.A. COMERCIO E INDUSTRIA;004863;DF Individual - Demonstração do Fluxo de Caixa (Método Direto);REAL;MIL;PENÚLTIMO;2020-01-01;2020-03-31;6.01;Caixa Líquido Atividades Operacionais;-11.0000000000;S
15.101.405/0001-93;2021-03-31;1;CORREA RIBEIRO S.A. COMERCIO E INDUSTRIA;004863;DF Individual - Demonstração do Fluxo de Caixa (Método Direto);REAL;MIL;ÚLTIMO;2021-01-01;2021-03-31;6.01;Caixa Líquido Atividades Operacionais;84.0000000000;S
15.101.405/0001-93;2021-03-31;1;CORREA RIBEIRO S.A. COMERCIO E INDUSTRIA;004863;DF Individual - Demonstração do Fluxo de Caixa (Método Direto);REAL;MIL;PENÚLTIMO;2020-01-01;2020-03-31;6.02;Caixa Líquido Atividades de Investimento;-7.0000000000;S
15.101.405/0001-93;2021-03-31;1;CORREA RIBEIRO S.A. COMERCIO E INDUSTRIA;004863;DF Individual - Demonstração do Fluxo de Caixa (Método Direto);REAL;MIL;ÚLTIMO;2021-01-01;2021-03-31;6.02;Caixa Líquido Atividades de Investimento;-85.0000000000;S
15.101.405/0001-93;2021-03-31;1;CORREA RIBEIRO S.A. COMERCIO E INDUSTRIA;004863;DF Individual - Demonstração do Fluxo de Caixa (Método Direto);REAL;MIL;PENÚLTIMO;2020-01-01;2020-03-31;6.03;Caixa Líquido Atividades de Financiamento;0.0000000000;S
15.101.405/0001-93;2021-03-31;1;CORREA RIBEIRO S.A. COMERCIO E INDUSTRIA;004863;DF Individual - Demonstração do Fluxo de Caixa (Método Direto);REAL;MIL;ÚLTIMO;2021-01-01;2021-03-31;6.03;Caixa Líquido Atividades de Financiamento;0.0000000000;S
15.101.405/0001-93;2021-03-31;1;CORREA RIBEIRO S.A. COMERCIO E INDUSTRIA;004863;DF Individual - Demonstração do Fluxo de Caixa (Método Direto);REAL;MIL;PENÚLTIMO;2020-01-01;2020-03-31;6.04;Variação Cambial s/ Caixa e Equivalentes;0.0000000000;S
15.101.405/0001-93;2021-03-31;1;CORREA RIBEIRO S.A. COMERCIO E INDUSTRIA;004863;DF Individual - Demonstração do Fluxo de Caixa (Método Direto);REAL;MIL;ÚLTIMO;2021-01-01;2021-03-31;6.04;Variação Cambial s/ Caixa e Equivalentes;0.0000000000;S
15.101.405/0001-93;2021-03-31;1;CORREA RIBEIRO S.A. COMERCIO E INDUSTRIA;004863;DF Individual - Demonstração do Fluxo de Caixa (Método Direto);REAL;MIL;PENÚLTIMO;2020-01-01;2020-03-31;6.05;Aumento (Redução) de Caixa e Equivalentes;-18.0000000000;S
15.101.405/0001-93;2021-03-31;1;CORREA RIBEIRO S.A. COMERCIO E INDUSTRIA;004863;DF Individual - Demonstração do Fluxo de Caixa (Método Direto);REAL;MIL;ÚLTIMO;2021-01-01;2021-03-31;6.05;Aumento (Redução) de Caixa e Equivalentes;-1.0000000000;S
15.101.405/0001-93;2021-03-31;1;CORREA RIBEIRO S.A. COMERCIO E INDUSTRIA;004863;DF Individual - Demonstração do Fluxo de Caixa (Método Direto);REAL;MIL;PENÚLTIMO;2020-01-01;2020-03-31;6.05.01;Saldo Inicial de Caixa e Equivalentes;285.0000000000;S
15.101.405/0001-93;2021-03-31;1;CORREA RIBEIRO S.A. COMERCIO E INDUSTRIA;004863;DF Individual - Demonstração do Fluxo de Caixa (Método Direto);REAL;MIL;ÚLTIMO;2021-01-01;2021-03-31;6.05.01;Saldo Inicial de Caixa e Equivalentes;23.0000000000;S
15.101.405/0001-93;2021-03-31;1;CORREA RIBEIRO S.A. COMERCIO E INDUSTRIA;004863;DF Individual - Demonstração do Fluxo de Caixa (Método Direto);REAL;MIL;PENÚLTIMO;2020-01-01;2020-03-31;6.05.02;Saldo Final de Caixa e Equivalentes;267.0000000000;S
15.101.405/0001-93;2021-03-31;1;CORREA RIBEIRO S.A. COMERCIO E INDUSTRIA;004863;DF Individual - Demonstração do Fluxo de Caixa (Método Direto);REAL;MIL;ÚLTIMO;2021-01-01;2021-03-31;6.05.02;Saldo Final de Caixa e Equivalentes;22.0000000000;S
19.527.586/0001-75;2021-03-31;1;COMPANHIA ENERGÉTICA SINOP S/A;024155;DF Individual - Demonstração do Fluxo de Caixa (Método Direto);REAL;MIL;PENÚLTIMO;2020-01-01;2020-03-31;6.01;Caixa Líquido Atividades Operacionais;20932.0000000000;S
19.527.586/0001-75;2021-03-31;1;COMPANHIA ENERGÉTICA SINOP S/A;024155;DF Individual - Demonstração do Fluxo de Caixa (Método Direto);REAL;MIL;ÚLTIMO;2021-01-01;2021-03-31;6.01;Caixa Líquido Atividades Operacionais;139.0000000000;S
19.527.586/0001-75;2021-03-31;1;COMPANHIA ENERGÉTICA SINOP S/A;024155;DF Individual - Demonstração do Fluxo de Caixa (Método Direto);REAL;MIL;PENÚLTIMO;2020-01-01;2020-03-31;6.02;Caixa Líquido Atividades de Investimento;75783.0000000000;S
19.527.586/0001-75;2021-03-31;1;COMPANHIA ENERGÉTICA SINOP S/A;024155;DF Individual - Demonstração do Fluxo de Caixa (Método Direto);REAL;MIL;ÚLTIMO;2021-01-01;2021-03-31;6.02;Caixa Líquido Atividades de Investimento;-3607.0000000000;S
19.527.586/0001-75;2021-03-31;1;COMPANHIA ENERGÉTICA SINOP S/A;024155;DF Individual - Demonstração do Fluxo de Caixa (Método Direto);REAL;MIL;PENÚLTIMO;2020-01-01;2020-03-31;6.03;Caixa Líquido Atividades de Financiamento;-6937.0000000000;S
19.527.586/0001-75;2021-03-31;1;COMPANHIA ENERGÉTICA SINOP S/A;024155;DF Individual - Demonstração do Fluxo de Caixa (Método Direto);REAL;MIL;ÚLTIMO;2021-01-01;2021-03-31;6.03;Caixa Líquido Atividades de Financiamento;-8460.0000000000;S
19.527.586/0001-75;2021-03-31;1;COMPANHIA ENERGÉTICA SINOP S/A;024155;DF Individual - Demonstração do Fluxo de Caixa (Método Direto);REAL;MIL;PENÚLTIMO;2020-01-01;2020-03-31;6.04;Variação Cambial s/ Caixa e Equivalentes;0.0000000000;S
19.527.586/0001-75;2021-03-31;1;COMPANHIA ENERGÉTICA SINOP S/A;024155;DF Individual - Demonstração do Fluxo de Caixa (Método Direto);REAL;MIL;ÚLTIMO;2021-01-01;2021-03-31;6.04;Variação Cambial s/ Caixa e Equivalentes;0.0000000000;S
19.527.586/0001-75;2021-03-31;1;COMPANHIA ENERGÉTICA SINOP S/A;024155;DF Individual - Demonstração do Fluxo de Caixa (Método Direto);REAL;MIL;PENÚLTIMO;2020-01-01;2020-03-31;6.05;Aumento (Redução) de Caixa e Equivalentes;89778.0000000000;S
19.527.586/0001-75;2021-03-31;1;COMPANHIA ENERGÉTICA SINOP S/A;024155;DF Individual - Demonstração do Fluxo de Caixa (Método Direto);REAL;MIL;ÚLTIMO;2021-01-01;2021-03-31;6.05;Aumento (Redução) de Caixa e Equivalentes;-11928.0000000000;S
19.527.586/0001-75;2021-03-31;1;COMPANHIA ENERGÉTICA SINOP S/A;024155;DF Individual - Demonstração do Fluxo de Caixa (Método Direto);REAL;MIL;PENÚLTIMO;2020-01-01;2020-03-31;6.05.01;Saldo Inicial de Caixa e Equivalentes;85459.0000000000;S
19.527.586/0001-75;2021-03-31;1;COMPANHIA ENERGÉTICA SINOP S/A;024155;DF Individual - Demonstração do Fluxo de Caixa (Método Direto);REAL;MIL;ÚLTIMO;2021-01-01;2021-03-31;6.05.01;Saldo Inicial de Caixa e Equivalentes;169801.0000000000;S
19.527.586/0001-75;2021-03-31;1;COMPANHIA ENERGÉTICA SINOP S/A;024155;DF Individual - Demonstração do Fluxo de Caixa (Método Direto);REAL;MIL;PENÚLTIMO;2020-01-01;2020-03-31;6.05.02;Saldo Final de Caixa e Equivalentes;175237.0000000000;S
19.527.586/0001-75;2021-03-31;1;COMPANHIA ENERGÉTICA SINOP S/A;024155;DF Individual - Demonstração do Fluxo de Caixa (Método Direto);REAL;MIL;ÚLTIMO;2021-01-01;2021-03-31;6.05.02;Saldo Final de Caixa e Equivalentes;157873.0000000000;S
30.540.991/0001-66;2021-03-31;1;HAGA S.A. INDUSTRIA E COMERCIO;013366;DF Individual - Demonstração do Fluxo de Caixa (Método Direto);REAL;UNIDADE;PENÚLTIMO;2020-01-01;2020-03-31;6.01;Caixa Líquido Atividades Operacionais;713718.0000000000;S
30.540.991/0001-66;2021-03-31;1;HAGA S.A. INDUSTRIA E COMERCIO;013366;DF Individual - Demonstração do Fluxo de Caixa (Método Direto);REAL;UNIDADE;ÚLTIMO;2021-01-01;2021-03-31;6.01;Caixa Líquido Atividades Operacionais;295805.0000000000;S
30.540.991/0001-66;2021-03-31;1;HAGA S.A. INDUSTRIA E COMERCIO;013366;DF Individual - Demonstração do Fluxo de Caixa (Método Direto);REAL;UNIDADE;PENÚLTIMO;2020-01-01;2020-03-31;6.02;Caixa Líquido Atividades de Investimento;-181704.0000000000;S
30.540.991/0001-66;2021-03-31;1;HAGA S.A. INDUSTRIA E COMERCIO;013366;DF Individual - Demonstração do Fluxo de Caixa (Método Direto);REAL;UNIDADE;ÚLTIMO;2021-01-01;2021-03-31;6.02;Caixa Líquido Atividades de Investimento;-542365.0000000000;S
30.540.991/0001-66;2021-03-31;1;HAGA S.A. INDUSTRIA E COMERCIO;013366;DF Individual - Demonstração do Fluxo de Caixa (Método Direto);REAL;UNIDADE;PENÚLTIMO;2020-01-01;2020-03-31;6.03;Caixa Líquido Atividades de Financiamento;-5655.0000000000;S
30.540.991/0001-66;2021-03-31;1;HAGA S.A. INDUSTRIA E COMERCIO;013366;DF Individual - Demonstração do Fluxo de Caixa (Método Direto);REAL;UNIDADE;ÚLTIMO;2021-01-01;2021-03-31;6.03;Caixa Líquido Atividades de Financiamento;-5655.0000000000;S
30.540.991/0001-66;2021-03-31;1;HAGA S.A. INDUSTRIA E COMERCIO;013366;DF Individual - Demonstração do Fluxo de Caixa (Método Direto);REAL;UNIDADE;PENÚLTIMO;2020-01-01;2020-03-31;6.04;Variação Cambial s/ Caixa e Equivalentes;0.0000000000;S
30.540.991/0001-66;2021-03-31;1;HAGA S.A. INDUSTRIA E COMERCIO;013366;DF Individual - Demonstração do Fluxo de Caixa (Método Direto);REAL;UNIDADE;ÚLTIMO;2021-01-01;2021-03-31;6.04;Variação Cambial s/ Caixa e Equivalentes;0.0000000000;S
30.540.991/0001-66;2021-03-31;1;HAGA S.A. INDUSTRIA E COMERCIO;013366;DF Individual - Demonstração do Fluxo de Caixa (Método Direto);REAL;UNIDADE;PENÚLTIMO;2020-01-01;2020-03-31;6.05;Aumento (Redução) de Caixa e Equivalentes;526359.0000000000;S
30.540.991/0001-66;2021-03-31;1;HAGA S.A. INDUSTRIA E COMERCIO;013366;DF Individual - Demonstração do Fluxo de Caixa (Método Direto);REAL;UNIDADE;ÚLTIMO;2021-01-01;2021-03-31;6.05;Aumento (Redução) de Caixa e Equivalentes;-252215.0000000000;S
30.540.991/0001-66;2021-03-31;1;HAGA S.A. INDUSTRIA E COMERCIO;013366;DF Individual - Demonstração do Fluxo de Caixa (Método Direto);REAL;UNIDADE;PENÚLTIMO;2020-01-01;2020-03-31;6.05.01;Saldo Inicial de Caixa e Equivalentes;25866756.0000000000;S
30.540.991/0001-66;2021-03-31;1;HAGA S.A. INDUSTRIA E COMERCIO;013366;DF Individual - Demonstração do Fluxo de Caixa (Método Direto);REAL;UNIDADE;ÚLTIMO;2021-01-01;2021-03-31;6.05.01;Saldo Inicial de Caixa e Equivalentes;23774196.0000000000;S
30.540.991/0001-66;2021-03-31;1;HAGA S.A. INDUSTRIA E COMERCIO;013366;DF Individual - Demonstração do Fluxo de Caixa (Método Direto);REAL;UNIDADE;PENÚLTIMO;2020-01-01;2020-03-31;6.05.02;Saldo Final de Caixa e Equivalentes;26393115.0000000000;S
30.540.991/0001-66;2021-03-31;1;HAGA S.A. INDUSTRIA E COMERCIO;013366;DF Individual - Demonstração do Fluxo de Caixa (Método Direto);REAL;UNIDADE;ÚLTIMO;2021-01-01;2021-03-31;6.05.02;Saldo Final de Caixa e Equivalentes;23521981.0000000000;S
33.376.989/0001-91;2021-03-31;1;IRB - BRASIL RESSEGUROS S.A.;024180;DF Individual - Demonstração do Fluxo de Caixa (Método Direto);REAL;MIL;PENÚLTIMO;2020-01-01;2020-03-31;6.01;Caixa Líquido Atividades Operacionais;-388629.0000000000;S
33.376.989/0001-91;2021-03-31;1;IRB - BRASIL RESSEGUROS S.A.;024180;DF Individual - Demonstração do Fluxo de Caixa (Método Direto);REAL;MIL;ÚLTIMO;2021-01-01;2021-03-31;6.01;Caixa Líquido Atividades Operacionais;-988544.0000000000;S
33.376.989/0001-91;2021-03-31;1;IRB - BRASIL RESSEGUROS S.A.;024180;DF Individual - Demonstração do Fluxo de Caixa (Método Direto);REAL;MIL;PENÚLTIMO;2020-01-01;2020-03-31;6.01.01;Recebimento de prêmios de resseguros;1945558.0000000000;N
33.376.989/0001-91;2021-03-31;1;IRB - BRASIL RESSEGUROS S.A.;024180;DF Individual - Demonstração do Fluxo de Caixa (Método Direto);REAL;MIL;ÚLTIMO;2021-01-01;2021-03-31;6.01.01;Recebimento de prêmios de resseguros;1788032.0000000000;N
33.376.989/0001-91;2021-03-31;1;IRB - BRASIL RESSEGUROS S.A.;024180;DF Individual - Demonstração do Fluxo de Caixa (Método Direto);REAL;MIL;PENÚLTIMO;2020-01-01;2020-03-31;6.01.02;Recuperações de sinistros e comissões;326305.0000000000;N
33.376.989/0001-91;2021-03-31;1;IRB - BRASIL RESSEGUROS S.A.;024180;DF Individual - Demonstração do Fluxo de Caixa (Método Direto);REAL;MIL;ÚLTIMO;2021-01-01;2021-03-31;6.01.02;Recuperações de sinistros e comissões;537737.0000000000;N
33.376.989/0001-91;2021-03-31;1;IRB - BRASIL RESSEGUROS S.A.;024180;DF Individual - Demonstração do Fluxo de Caixa (Método Direto);REAL;MIL;PENÚLTIMO;2020-01-01;2020-03-31;6.01.03;Outros recebimentos operacionais (salvados, ressarcimentos e outros);-7499.0000000000;N
33.376.989/0001-91;2021-03-31;1;IRB - BRASIL RESSEGUROS S.A.;024180;DF Individual - Demonstração do Fluxo de Caixa (Método Direto);REAL;MIL;ÚLTIMO;2021-01-01;2021-03-31;6.01.03;Outros recebimentos operacionais (salvados, ressarcimentos e outros);186510.0000000000;N
33.376.989/0001-91;2021-03-31;1;IRB - BRASIL RESSEGUROS S.A.;024180;DF Individual - Demonstração do Fluxo de Caixa (Método Direto);REAL;MIL;PENÚLTIMO;2020-01-01;2020-03-31;6.01.04;Pagemento de sinistros, benefícios, resgastes e comissões;-1577555.0000000000;N
33.376.989/0001-91;2021-03-31;1;IRB - BRASIL RESSEGUROS S.A.;024180;DF Individual - Demonstração do Fluxo de Caixa (Método Direto);REAL;MIL;ÚLTIMO;2021-01-01;2021-03-31;6.01.04;Pagemento de sinistros, benefícios, resgastes e comissões;-1489876.0000000000;N
33.376.989/0001-91;2021-03-31;1;IRB - BRASIL RESSEGUROS S.A.;024180;DF Individual - Demonstração do Fluxo de Caixa (Método Direto);REAL;MIL;PENÚLTIMO;2020-01-01;2020-03-31;6.01.05;Repasses de prêmio por cessão de risco;-499735.0000000000;N
33.376.989/0001-91;2021-03-31;1;IRB - BRASIL RESSEGUROS S.A.;024180;DF Individual - Demonstração do Fluxo de Caixa (Método Direto);REAL;MIL;ÚLTIMO;2021-01-01;2021-03-31;6.01.05;Repasses de prêmio por cessão de risco;-705487.0000000000;N
33.376.989/0001-91;2021-03-31;1;IRB - BRASIL RESSEGUROS S.A.;024180;DF Individual - Demonstração do Fluxo de Caixa (Método Direto);REAL;MIL;PENÚLTIMO;2020-01-01;2020-03-31;6.01.06;Pagamentos de despesas e obrigações;-121416.0000000000;N
33.376.989/0001-91;2021-03-31;1;IRB - BRASIL RESSEGUROS S.A.;024180;DF Individual - Demonstração do Fluxo de Caixa (Método Direto);REAL;MIL;ÚLTIMO;2021-01-01;2021-03-31;6.01.06;Pagamentos de despesas e obrigações;-146727.0000000000;N
33.376.989/0001-91;2021-03-31;1;IRB - BRASIL RESSEGUROS S.A.;024180;DF Individual - Demonstração do Fluxo de Caixa (Método Direto);REAL;MIL;PENÚLTIMO;2020-01-01;2020-03-31;6.01.07;Outros pagamentos operacionais;0.0000000000;N
33.376.989/0001-91;2021-03-31;1;IRB - BRASIL RESSEGUROS S.A.;024180;DF Individual - Demonstração do Fluxo de Caixa (Método Direto);REAL;MIL;ÚLTIMO;2021-01-01;2021-03-31;6.01.07;Outros pagamentos operacionais;0.0000000000;N
33.376.989/0001-91;2021-03-31;1;IRB - BRASIL RESSEGUROS S.A.;024180;DF Individual - Demonstração do Fluxo de Caixa (Método Direto);REAL;MIL;PENÚLTIMO;2020-01-01;2020-03-31;6.01.08;Recebimentos de aluguéis;0.0000000000;N
33.376.989/0001-91;2021-03-31;1;IRB - BRASIL RESSEGUROS S.A.;024180;DF Individual - Demonstração do Fluxo de Caixa (Método Direto);REAL;MIL;ÚLTIMO;2021-01-01;2021-03-31;6.01.08;Recebimentos de aluguéis;0.0000000000;N
33.376.989/0001-91;2021-03-31;1;IRB - BRASIL RESSEGUROS S.A.;024180;DF Individual - Demonstração do Fluxo de Caixa (Método Direto);REAL;MIL;PENÚLTIMO;2020-01-01;2020-03-31;6.01.09;Recebimentos de juros e dividendos;139.0000000000;N
33.376.989/0001-91;2021-03-31;1;IRB - BRASIL RESSEGUROS S.A.;024180;DF Individual - Demonstração do Fluxo de Caixa (Método Direto);REAL;MIL;ÚLTIMO;2021-01-01;2021-03-31;6.01.09;Recebimentos de juros e dividendos;100.0000000000;N
33.376.989/0001-91;2021-03-31;1;IRB - BRASIL RESSEGUROS S.A.;024180;DF Individual - Demonstração do Fluxo de Caixa (Método Direto);REAL;MIL;PENÚLTIMO;2020-01-01;2020-03-31;6.01.10;Constituição de depósitos juduciais;229.0000000000;N
33.376.989/0001-91;2021-03-31;1;IRB - BRASIL RESSEGUROS S.A.;024180;DF Individual - Demonstração do Fluxo de Caixa (Método Direto);REAL;MIL;ÚLTIMO;2021-01-01;2021-03-31;6.01.10;Constituição de depósitos juduciais;-98.0000000000;N
33.376.989/0001-91;2021-03-31;1;IRB - BRASIL RESSEGUROS S.A.;024180;DF Individual - Demonstração do Fluxo de Caixa (Método Direto);REAL;MIL;PENÚLTIMO;2020-01-01;2020-03-31;6.01.11;Aplicações de investimentos ao valor justo por meio do resultado;-1083386.0000000000;N
33.376.989/0001-91;2021-03-31;1;IRB - BRASIL RESSEGUROS S.A.;024180;DF Individual - Demonstração do Fluxo de Caixa (Método Direto);REAL;MIL;ÚLTIMO;2021-01-01;2021-03-31;6.01.11;Aplicações de investimentos ao valor justo por meio do resultado;-4522123.0000000000;N
33.376.989/0001-91;2021-03-31;1;IRB - BRASIL RESSEGUROS S.A.;024180;DF Individual - Demonstração do Fluxo de Caixa (Método Direto);REAL;MIL;PENÚLTIMO;2020-01-01;2020-03-31;6.01.12;Vendas e resgates de investimentos ao valor justo  por meio do resultado;692939.0000000000;N
33.376.989/0001-91;2021-03-31;1;IRB - BRASIL RESSEGUROS S.A.;024180;DF Individual - Demonstração do Fluxo de Caixa (Método Direto);REAL;MIL;ÚLTIMO;2021-01-01;2021-03-31;6.01.12;Vendas e resgates de investimentos ao valor justo  por meio do resultado;3005247.0000000000;N
33.376.989/0001-91;2021-03-31;1;IRB - BRASIL RESSEGUROS S.A.;024180;DF Individual - Demonstração do Fluxo de Caixa (Método Direto);REAL;MIL;PENÚLTIMO;2020-01-01;2020-03-31;6.01.13;Impostos e contribuições pagos;-64208.0000000000;N
33.376.989/0001-91;2021-03-31;1;IRB - BRASIL RESSEGUROS S.A.;024180;DF Individual - Demonstração do Fluxo de Caixa (Método Direto);REAL;MIL;ÚLTIMO;2021-01-01;2021-03-31;6.01.13;Impostos e contribuições pagos;-17.0000000000;N
33.376.989/0001-91;2021-03-31;1;IRB - BRASIL RESSEGUROS S.A.;024180;DF Individual - Demonstração do Fluxo de Caixa (Método Direto);REAL;MIL;PENÚLTIMO;2020-01-01;2020-03-31;6.01.14;Recebimento Acordo Judicial;0.0000000000;N
33.376.989/0001-91;2021-03-31;1;IRB - BRASIL RESSEGUROS S.A.;024180;DF Individual - Demonstração do Fluxo de Caixa (Método Direto);REAL;MIL;ÚLTIMO;2021-01-01;2021-03-31;6.01.14;Recebimento Acordo Judicial;358158.0000000000;N
33.376.989/0001-91;2021-03-31;1;IRB - BRASIL RESSEGUROS S.A.;024180;DF Individual - Demonstração do Fluxo de Caixa (Método Direto);REAL;MIL;PENÚLTIMO;2020-01-01;2020-03-31;6.02;Caixa Líquido Atividades de Investimento;704355.0000000000;S
33.376.989/0001-91;2021-03-31;1;IRB - BRASIL RESSEGUROS S.A.;024180;DF Individual - Demonstração do Fluxo de Caixa (Método Direto);REAL;MIL;ÚLTIMO;2021-01-01;2021-03-31;6.02;Caixa Líquido Atividades de Investimento;1009165.0000000000;S
33.376.989/0001-91;2021-03-31;1;IRB - BRASIL RESSEGUROS S.A.;024180;DF Individual - Demonstração do Fluxo de Caixa (Método Direto);REAL;MIL;PENÚLTIMO;2020-01-01;2020-03-31;6.02.01;Aplicações de investimentos disponíveis para venda;-499183.0000000000;N
33.376.989/0001-91;2021-03-31;1;IRB - BRASIL RESSEGUROS S.A.;024180;DF Individual - Demonstração do Fluxo de Caixa (Método Direto);REAL;MIL;ÚLTIMO;2021-01-01;2021-03-31;6.02.01;Aplicações de investimentos disponíveis para venda;-479196.0000000000;N
33.376.989/0001-91;2021-03-31;1;IRB - BRASIL RESSEGUROS S.A.;024180;DF Individual - Demonstração do Fluxo de Caixa (Método Direto);REAL;MIL;PENÚLTIMO;2020-01-01;2020-03-31;6.02.02;Vendas e resgates de investimentos disponíveis para venda;727975.0000000000;N
33.376.989/0001-91;2021-03-31;1;IRB - BRASIL RESSEGUROS S.A.;024180;DF Individual - Demonstração do Fluxo de Caixa (Método Direto);REAL;MIL;ÚLTIMO;2021-01-01;2021-03-31;6.02.02;Vendas e resgates de investimentos disponíveis para venda;1496605.0000000000;N
33.376.989/0001-91;2021-03-31;1;IRB - BRASIL RESSEGUROS S.A.;024180;DF Individual - Demonstração do Fluxo de Caixa (Método Direto);REAL;MIL;PENÚLTIMO;2020-01-01;2020-03-31;6.02.03;Aplicações de investimentos mantidos até o vencimento;0.0000000000;N
33.376.989/0001-91;2021-03-31;1;IRB - BRASIL RESSEGUROS S.A.;024180;DF Individual - Demonstração do Fluxo de Caixa (Método Direto);REAL;MIL;ÚLTIMO;2021-01-01;2021-03-31;6.02.03;Aplicações de investimentos mantidos até o vencimento;0.0000000000;N
33.376.989/0001-91;2021-03-31;1;IRB - BRASIL RESSEGUROS S.A.;024180;DF Individual - Demonstração do Fluxo de Caixa (Método Direto);REAL;MIL;PENÚLTIMO;2020-01-01;2020-03-31;6.02.04;Vendas e resgates de investimentos mantidos até o vencimento;0.0000000000;N
33.376.989/0001-91;2021-03-31;1;IRB - BRASIL RESSEGUROS S.A.;024180;DF Individual - Demonstração do Fluxo de Caixa (Método Direto);REAL;MIL;ÚLTIMO;2021-01-01;2021-03-31;6.02.04;Vendas e resgates de investimentos mantidos até o vencimento;0.0000000000;N
33.376.989/0001-91;2021-03-31;1;IRB - BRASIL RESSEGUROS S.A.;024180;DF Individual - Demonstração do Fluxo de Caixa (Método Direto);REAL;MIL;PENÚLTIMO;2020-01-01;2020-03-31;6.02.05;Pagamento pela compra de ativo permanente - Imobilizado;-663.0000000000;N
33.376.989/0001-91;2021-03-31;1;IRB - BRASIL RESSEGUROS S.A.;024180;DF Individual - Demonstração do Fluxo de Caixa (Método Direto);REAL;MIL;ÚLTIMO;2021-01-01;2021-03-31;6.02.05;Pagamento pela compra de ativo permanente - Imobilizado;-1129.0000000000;N
33.376.989/0001-91;2021-03-31;1;IRB - BRASIL RESSEGUROS S.A.;024180;DF Individual - Demonstração do Fluxo de Caixa (Método Direto);REAL;MIL;PENÚLTIMO;2020-01-01;2020-03-31;6.02.06;Pagamento pela compra de ativo permanente - Intangível;-13085.0000000000;N
33.376.989/0001-91;2021-03-31;1;IRB - BRASIL RESSEGUROS S.A.;024180;DF Individual - Demonstração do Fluxo de Caixa (Método Direto);REAL;MIL;ÚLTIMO;2021-01-01;2021-03-31;6.02.06;Pagamento pela compra de ativo permanente - Intangível;-6673.0000000000;N
33.376.989/0001-91;2021-03-31;1;IRB - BRASIL RESSEGUROS S.A.;024180;DF Individual - Demonstração do Fluxo de Caixa (Método Direto);REAL;MIL;PENÚLTIMO;2020-01-01;2020-03-31;6.02.07;Recebimento pela venda - Imobilizado;0.0000000000;N
33.376.989/0001-91;2021-03-31;1;IRB - BRASIL RESSEGUROS S.A.;024180;DF Individual - Demonstração do Fluxo de Caixa (Método Direto);REAL;MIL;ÚLTIMO;2021-01-01;2021-03-31;6.02.07;Recebimento pela venda - Imobilizado;0.0000000000;N
33.376.989/0001-91;2021-03-31;1;IRB - BRASIL RESSEGUROS S.A.;024180;DF Individual - Demonstração do Fluxo de Caixa (Método Direto);REAL;MIL;PENÚLTIMO;2020-01-01;2020-03-31;6.02.08;Dividendos - Participações societárias;285000.0000000000;N
33.376.989/0001-91;2021-03-31;1;IRB - BRASIL RESSEGUROS S.A.;024180;DF Individual - Demonstração do Fluxo de Caixa (Método Direto);REAL;MIL;ÚLTIMO;2021-01-01;2021-03-31;6.02.08;Dividendos - Participações societárias;0.0000000000;N
33.376.989/0001-91;2021-03-31;1;IRB - BRASIL RESSEGUROS S.A.;024180;DF Individual - Demonstração do Fluxo de Caixa (Método Direto);REAL;MIL;PENÚLTIMO;2020-01-01;2020-03-31;6.02.09;Pagamento pela compra de ativo permanente - Invetimentos;0.0000000000;N
33.376.989/0001-91;2021-03-31;1;IRB - BRASIL RESSEGUROS S.A.;024180;DF Individual - Demonstração do Fluxo de Caixa (Método Direto);REAL;MIL;ÚLTIMO;2021-01-01;2021-03-31;6.02.09;Pagamento pela compra de ativo permanente - Invetimentos;0.0000000000;N
33.376.989/0001-91;2021-03-31;1;IRB - BRASIL RESSEGUROS S.A.;024180;DF Individual - Demonstração do Fluxo de Caixa (Método Direto);REAL;MIL;PENÚLTIMO;2020-01-01;2020-03-31;6.02.10;Pagamento de arrendamento mercantil;-738.0000000000;N
33.376.989/0001-91;2021-03-31;1;IRB - BRASIL RESSEGUROS S.A.;024180;DF Individual - Demonstração do Fluxo de Caixa (Método Direto);REAL;MIL;ÚLTIMO;2021-01-01;2021-03-31;6.02.10;Pagamento de arrendamento mercantil;-442.0000000000;N
33.376.989/0001-91;2021-03-31;1;IRB - BRASIL RESSEGUROS S.A.;024180;DF Individual - Demonstração do Fluxo de Caixa (Método Direto);REAL;MIL;PENÚLTIMO;2020-01-01;2020-03-31;6.02.11;Recebimento pela venda - Investimento;0.0000000000;N
33.376.989/0001-91;2021-03-31;1;IRB - BRASIL RESSEGUROS S.A.;024180;DF Individual - Demonstração do Fluxo de Caixa (Método Direto);REAL;MIL;ÚLTIMO;2021-01-01;2021-03-31;6.02.11;Recebimento pela venda - Investimento;0.0000000000;N
33.376.989/0001-91;2021-03-31;1;IRB - BRASIL RESSEGUROS S.A.;024180;DF Individual - Demonstração do Fluxo de Caixa (Método Direto);REAL;MIL;PENÚLTIMO;2020-01-01;2020-03-31;6.02.12;Redução de capital social de controlada;205049.0000000000;N
33.376.989/0001-91;2021-03-31;1;IRB - BRASIL RESSEGUROS S.A.;024180;DF Individual - Demonstração do Fluxo de Caixa (Método Direto);REAL;MIL;ÚLTIMO;2021-01-01;2021-03-31;6.02.12;Redução de capital social de controlada;0.0000000000;N
33.376.989/0001-91;2021-03-31;1;IRB - BRASIL RESSEGUROS S.A.;024180;DF Individual - Demonstração do Fluxo de Caixa (Método Direto);REAL;MIL;PENÚLTIMO;2020-01-01;2020-03-31;6.03;Caixa Líquido Atividades de Financiamento;-270870.0000000000;S
33.376.989/0001-91;2021-03-31;1;IRB - BRASIL RESSEGUROS S.A.;024180;DF Individual - Demonstração do Fluxo de Caixa (Método Direto);REAL;MIL;ÚLTIMO;2021-01-01;2021-03-31;6.03;Caixa Líquido Atividades de Financiamento;-3227.0000000000;S
33.376.989/0001-91;2021-03-31;1;IRB - BRASIL RESSEGUROS S.A.;024180;DF Individual - Demonstração do Fluxo de Caixa (Método Direto);REAL;MIL;PENÚLTIMO;2020-01-01;2020-03-31;6.03.01;Aumento de capital;0.0000000000;N
33.376.989/0001-91;2021-03-31;1;IRB - BRASIL RESSEGUROS S.A.;024180;DF Individual - Demonstração do Fluxo de Caixa (Método Direto);REAL;MIL;ÚLTIMO;2021-01-01;2021-03-31;6.03.01;Aumento de capital;0.0000000000;N
33.376.989/0001-91;2021-03-31;1;IRB - BRASIL RESSEGUROS S.A.;024180;DF Individual - Demonstração do Fluxo de Caixa (Método Direto);REAL;MIL;PENÚLTIMO;2020-01-01;2020-03-31;6.03.02;Distribuição de dividendos e juros sobre capital próprio;-270870.0000000000;N
33.376.989/0001-91;2021-03-31;1;IRB - BRASIL RESSEGUROS S.A.;024180;DF Individual - Demonstração do Fluxo de Caixa (Método Direto);REAL;MIL;ÚLTIMO;2021-01-01;2021-03-31;6.03.02;Distribuição de dividendos e juros sobre capital próprio;0.0000000000;N
33.376.989/0001-91;2021-03-31;1;IRB - BRASIL RESSEGUROS S.A.;024180;DF Individual - Demonstração do Fluxo de Caixa (Método Direto);REAL;MIL;PENÚLTIMO;2020-01-01;2020-03-31;6.03.05;Aquisições das ações próprias;0.0000000000;N
33.376.989/0001-91;2021-03-31;1;IRB - BRASIL RESSEGUROS S.A.;024180;DF Individual - Demonstração do Fluxo de Caixa (Método Direto);REAL;MIL;ÚLTIMO;2021-01-01;2021-03-31;6.03.05;Aquisições das ações próprias;0.0000000000;N
33.376.989/0001-91;2021-03-31;1;IRB - BRASIL RESSEGUROS S.A.;024180;DF Individual - Demonstração do Fluxo de Caixa (Método Direto);REAL;MIL;PENÚLTIMO;2020-01-01;2020-03-31;6.03.06;Emissão Debêntures;0.0000000000;N
33.376.989/0001-91;2021-03-31;1;IRB - BRASIL RESSEGUROS S.A.;024180;DF Individual - Demonstração do Fluxo de Caixa (Método Direto);REAL;MIL;ÚLTIMO;2021-01-01;2021-03-31;6.03.06;Emissão Debêntures;-3227.0000000000;N
33.376.989/0001-91;2021-03-31;1;IRB - BRASIL RESSEGUROS S.A.;024180;DF Individual - Demonstração do Fluxo de Caixa (Método Direto);REAL;MIL;PENÚLTIMO;2020-01-01;2020-03-31;6.03.07;Custo na emissão da Debênture;0.0000000000;N
33.376.989/0001-91;2021-03-31;1;IRB - BRASIL RESSEGUROS S.A.;024180;DF Individual - Demonstração do Fluxo de Caixa (Método Direto);REAL;MIL;ÚLTIMO;2021-01-01;2021-03-31;6.03.07;Custo na emissão da Debênture;0.0000000000;N
33.376.989/0001-91;2021-03-31;1;IRB - BRASIL RESSEGUROS S.A.;024180;DF Individual - Demonstração do Fluxo de Caixa (Método Direto);REAL;MIL;PENÚLTIMO;2020-01-01;2020-03-31;6.04;Variação Cambial s/ Caixa e Equivalentes;11022.0000000000;S
33.376.989/0001-91;2021-03-31;1;IRB - BRASIL RESSEGUROS S.A.;024180;DF Individual - Demonstração do Fluxo de Caixa (Método Direto);REAL;MIL;ÚLTIMO;2021-01-01;2021-03-31;6.04;Variação Cambial s/ Caixa e Equivalentes;5567.0000000000;S
33.376.989/0001-91;2021-03-31;1;IRB - BRASIL RESSEGUROS S.A.;024180;DF Individual - Demonstração do Fluxo de Caixa (Método Direto);REAL;MIL;PENÚLTIMO;2020-01-01;2020-03-31;6.05;Aumento (Redução) de Caixa e Equivalentes;55878.0000000000;S
33.376.989/0001-91;2021-03-31;1;IRB - BRASIL RESSEGUROS S.A.;024180;DF Individual - Demonstração do Fluxo de Caixa (Método Direto);REAL;MIL;ÚLTIMO;2021-01-01;2021-03-31;6.05;Aumento (Redução) de Caixa e Equivalentes;22961.0000000000;S
33.376.989/0001-91;2021-03-31;1;IRB - BRASIL RESSEGUROS S.A.;024180;DF Individual - Demonstração do Fluxo de Caixa (Método Direto);REAL;MIL;PENÚLTIMO;2020-01-01;2020-03-31;6.05.01;Saldo Inicial de Caixa e Equivalentes;24895.0000000000;S
33.376.989/0001-91;2021-03-31;1;IRB - BRASIL RESSEGUROS S.A.;024180;DF Individual - Demonstração do Fluxo de Caixa (Método Direto);REAL;MIL;ÚLTIMO;2021-01-01;2021-03-31;6.05.01;Saldo Inicial de Caixa e Equivalentes;14190.0000000000;S
33.376.989/0001-91;2021-03-31;1;IRB - BRASIL RESSEGUROS S.A.;024180;DF Individual - Demonstração do Fluxo de Caixa (Método Direto);REAL;MIL;PENÚLTIMO;2020-01-01;2020-03-31;6.05.02;Saldo Final de Caixa e Equivalentes;80773.0000000000;S
33.376.989/0001-91;2021-03-31;1;IRB - BRASIL RESSEGUROS S.A.;024180;DF Individual - Demonstração do Fluxo de Caixa (Método Direto);REAL;MIL;ÚLTIMO;2021-01-01;2021-03-31;6.05.02;Saldo Final de Caixa e Equivalentes;37151.0000000000;S
56.444.250/0001-75;2021-03-31;1;HAUSCENTER SA;014850;DF Individual - Demonstração do Fluxo de Caixa (Método Direto);REAL;MIL;PENÚLTIMO;2020-01-01;2020-03-31;6.01;Caixa Líquido Atividades Operacionais;1732.0000000000;S
56.444.250/0001-75;2021-03-31;1;HAUSCENTER SA;014850;DF Individual - Demonstração do Fluxo de Caixa (Método Direto);REAL;MIL;ÚLTIMO;2021-01-01;2021-03-31;6.01;Caixa Líquido Atividades Operacionais;4263.0000000000;S
56.444.250/0001-75;2021-03-31;1;HAUSCENTER SA;014850;DF Individual - Demonstração do Fluxo de Caixa (Método Direto);REAL;MIL;PENÚLTIMO;2020-01-01;2020-03-31;6.01.01;Valores recebidos de clientes;2147.0000000000;N
56.444.250/0001-75;2021-03-31;1;HAUSCENTER SA;014850;DF Individual - Demonstração do Fluxo de Caixa (Método Direto);REAL;MIL;ÚLTIMO;2021-01-01;2021-03-31;6.01.01;Valores recebidos de clientes;496.0000000000;N
56.444.250/0001-75;2021-03-31;1;HAUSCENTER SA;014850;DF Individual - Demonstração do Fluxo de Caixa (Método Direto);REAL;MIL;PENÚLTIMO;2020-01-01;2020-03-31;6.01.02;Vaores pagos a fornecedores e empregados;-115.0000000000;N
56.444.250/0001-75;2021-03-31;1;HAUSCENTER SA;014850;DF Individual - Demonstração do Fluxo de Caixa (Método Direto);REAL;MIL;ÚLTIMO;2021-01-01;2021-03-31;6.01.02;Vaores pagos a fornecedores e empregados;-273.0000000000;N
56.444.250/0001-75;2021-03-31;1;HAUSCENTER SA;014850;DF Individual - Demonstração do Fluxo de Caixa (Método Direto);REAL;MIL;PENÚLTIMO;2020-01-01;2020-03-31;6.01.03;Tributos pagos;-270.0000000000;N
56.444.250/0001-75;2021-03-31;1;HAUSCENTER SA;014850;DF Individual - Demonstração do Fluxo de Caixa (Método Direto);REAL;MIL;ÚLTIMO;2021-01-01;2021-03-31;6.01.03;Tributos pagos;-107.0000000000;N
56.444.250/0001-75;2021-03-31;1;HAUSCENTER SA;014850;DF Individual - Demonstração do Fluxo de Caixa (Método Direto);REAL;MIL;PENÚLTIMO;2020-01-01;2020-03-31;6.01.04;Rendimentos de aplicações de curtíssimo prazo;1.0000000000;N
56.444.250/0001-75;2021-03-31;1;HAUSCENTER SA;014850;DF Individual - Demonstração do Fluxo de Caixa (Método Direto);REAL;MIL;ÚLTIMO;2021-01-01;2021-03-31;6.01.04;Rendimentos de aplicações de curtíssimo prazo;0.0000000000;N
56.444.250/0001-75;2021-03-31;1;HAUSCENTER SA;014850;DF Individual - Demonstração do Fluxo de Caixa (Método Direto);REAL;MIL;PENÚLTIMO;2020-01-01;2020-03-31;6.01.05;IRRF/IOF s/ rendimentos recebidos;0.0000000000;N
56.444.250/0001-75;2021-03-31;1;HAUSCENTER SA;014850;DF Individual - Demonstração do Fluxo de Caixa (Método Direto);REAL;MIL;ÚLTIMO;2021-01-01;2021-03-31;6.01.05;IRRF/IOF s/ rendimentos recebidos;0.0000000000;N
56.444.250/0001-75;2021-03-31;1;HAUSCENTER SA;014850;DF Individual - Demonstração do Fluxo de Caixa (Método Direto);REAL;MIL;PENÚLTIMO;2020-01-01;2020-03-31;6.01.06;Outros rendimentos e pagamentos líquidos;-31.0000000000;N
56.444.250/0001-75;2021-03-31;1;HAUSCENTER SA;014850;DF Individual - Demonstração do Fluxo de Caixa (Método Direto);REAL;MIL;ÚLTIMO;2021-01-01;2021-03-31;6.01.06;Outros rendimentos e pagamentos líquidos;4147.0000000000;N
56.444.250/0001-75;2021-03-31;1;HAUSCENTER SA;014850;DF Individual - Demonstração do Fluxo de Caixa (Método Direto);REAL;MIL;PENÚLTIMO;2020-01-01;2020-03-31;6.02;Caixa Líquido Atividades de Investimento;0.0000000000;S
56.444.250/0001-75;2021-03-31;1;HAUSCENTER SA;014850;DF Individual - Demonstração do Fluxo de Caixa (Método Direto);REAL;MIL;ÚLTIMO;2021-01-01;2021-03-31;6.02;Caixa Líquido Atividades de Investimento;0.0000000000;S
56.444.250/0001-75;2021-03-31;1;HAUSCENTER SA;014850;DF Individual - Demonstração do Fluxo de Caixa (Método Direto);REAL;MIL;PENÚLTIMO;2020-01-01;2020-03-31;6.02.01;Aplicações no condomínio WTC;0.0000000000;N
56.444.250/0001-75;2021-03-31;1;HAUSCENTER SA;014850;DF Individual - Demonstração do Fluxo de Caixa (Método Direto);REAL;MIL;ÚLTIMO;2021-01-01;2021-03-31;6.02.01;Aplicações no condomínio WTC;0.0000000000;N
56.444.250/0001-75;2021-03-31;1;HAUSCENTER SA;014850;DF Individual - Demonstração do Fluxo de Caixa (Método Direto);REAL;MIL;PENÚLTIMO;2020-01-01;2020-03-31;6.03;Caixa Líquido Atividades de Financiamento;-1674.0000000000;S
56.444.250/0001-75;2021-03-31;1;HAUSCENTER SA;014850;DF Individual - Demonstração do Fluxo de Caixa (Método Direto);REAL;MIL;ÚLTIMO;2021-01-01;2021-03-31;6.03;Caixa Líquido Atividades de Financiamento;-238.0000000000;S
56.444.250/0001-75;2021-03-31;1;HAUSCENTER SA;014850;DF Individual - Demonstração do Fluxo de Caixa (Método Direto);REAL;MIL;PENÚLTIMO;2020-01-01;2020-03-31;6.03.01;Remuneração de debêntures;-1674.0000000000;N
56.444.250/0001-75;2021-03-31;1;HAUSCENTER SA;014850;DF Individual - Demonstração do Fluxo de Caixa (Método Direto);REAL;MIL;ÚLTIMO;2021-01-01;2021-03-31;6.03.01;Remuneração de debêntures;-238.0000000000;N
56.444.250/0001-75;2021-03-31;1;HAUSCENTER SA;014850;DF Individual - Demonstração do Fluxo de Caixa (Método Direto);REAL;MIL;PENÚLTIMO;2020-01-01;2020-03-31;6.04;Variação Cambial s/ Caixa e Equivalentes;0.0000000000;S
56.444.250/0001-75;2021-03-31;1;HAUSCENTER SA;014850;DF Individual - Demonstração do Fluxo de Caixa (Método Direto);REAL;MIL;ÚLTIMO;2021-01-01;2021-03-31;6.04;Variação Cambial s/ Caixa e Equivalentes;0.0000000000;S
56.444.250/0001-75;2021-03-31;1;HAUSCENTER SA;014850;DF Individual - Demonstração do Fluxo de Caixa (Método Direto);REAL;MIL;PENÚLTIMO;2020-01-01;2020-03-31;6.05;Aumento (Redução) de Caixa e Equivalentes;58.0000000000;S
56.444.250/0001-75;2021-03-31;1;HAUSCENTER SA;014850;DF Individual - Demonstração do Fluxo de Caixa (Método Direto);REAL;MIL;ÚLTIMO;2021-01-01;2021-03-31;6.05;Aumento (Redução) de Caixa e Equivalentes;4025.0000000000;S
56.444.250/0001-75;2021-03-31;1;HAUSCENTER SA;014850;DF Individual - Demonstração do Fluxo de Caixa (Método Direto);REAL;MIL;PENÚLTIMO;2020-01-01;2020-03-31;6.05.01;Saldo Inicial de Caixa e Equivalentes;296.0000000000;S
56.444.250/0001-75;2021-03-31;1;HAUSCENTER SA;014850;DF Individual - Demonstração do Fluxo de Caixa (Método Direto);REAL;MIL;ÚLTIMO;2021-01-01;2021-03-31;6.05.01;Saldo Inicial de Caixa e Equivalentes;451.0000000000;S
56.444.250/0001-75;2021-03-31;1;HAUSCENTER SA;014850;DF Individual - Demonstração do Fluxo de Caixa (Método Direto);REAL;MIL;PENÚLTIMO;2020-01-01;2020-03-31;6.05.02;Saldo Final de Caixa e Equivalentes;354.0000000000;S
56.444.250/0001-75;2021-03-31;1;HAUSCENTER SA;014850;DF Individual - Demonstração do Fluxo de Caixa (Método Direto);REAL;MIL;ÚLTIMO;2021-01-01;2021-03-31;6.05.02;Saldo Final de Caixa e Equivalentes;4476.0000000000;S
